sampleid	Study	Link	Host	Phylum	Class	Order	Family	Genus	Species	Diet	16S 515F-806R	Elevation	Latitude	Longitude	Year_Collected	Year_Given	Precipitation	Temp_Min	Temp_Max	Temp_Mean	Rel_Hum	Sun_Shine	Wind	ETo	Land_Water_Air	AquaStat_Link	Climate_Notes	Included	ExclusionReason	Captivity	GMTOL_Notes	16S515F-806R	initials	Continent
baldo1	Baldo_et_al_2018	https://academic.oup.com/femsec/article/94/2/fix186/4780271#109696013	Lilford's Wall Lizard	Chordata	Reptilia	Squamata	Lacertidae	Podarcis	Podarcis_Lilfordi	Omnivore	V3-V4	77	39.9496	4.1104	2015		38.25	7.2	31.4	17.84166667	57.48333333	17169603.17	4.08	107.5	Land	https://aquastat.fao.org/climate-information-tool/complete-climate-data?lat=39.9496287&lon=4.1104449&year=2015&datasource=agera5						V3-V4	AK	Europe
baldo2	Baldo_et_al_2018	https://academic.oup.com/femsec/article/94/2/fix186/4780271#109696013	Lilford's Wall Lizard	Chordata	Reptilia	Squamata	Lacertidae	Podarcis	Podarcis_Lilfordi	Omnivore	V3-V4	77	39.9496	4.1104	2015		38.25	7.2	31.4	17.84166667	57.48333333	17169603.17	4.08	107.5	Land	https://aquastat.fao.org/climate-information-tool/complete-climate-data?lat=39.9496287&lon=4.1104449&year=2015&datasource=agera5						V3-V4	AK	Europe
baldo3	Baldo_et_al_2018	https://academic.oup.com/femsec/article/94/2/fix186/4780271#109696013	Lilford's Wall Lizard	Chordata	Reptilia	Squamata	Lacertidae	Podarcis	Podarcis_Lilfordi	Omnivore	V3-V4	77	39.9496	4.1104	2015		38.25	7.2	31.4	17.84166667	57.48333333	17169603.17	4.08	107.5	Land	https://aquastat.fao.org/climate-information-tool/complete-climate-data?lat=39.9496287&lon=4.1104449&year=2015&datasource=agera5						V3-V4	AK	Europe
baldo4	Baldo_et_al_2018	https://academic.oup.com/femsec/article/94/2/fix186/4780271#109696013	Lilford's Wall Lizard	Chordata	Reptilia	Squamata	Lacertidae	Podarcis	Podarcis_Lilfordi	Omnivore	V3-V4	77	39.9496	4.1104	2015		38.25	7.2	31.4	17.84166667	57.48333333	17169603.17	4.08	107.5	Land	https://aquastat.fao.org/climate-information-tool/complete-climate-data?lat=39.9496287&lon=4.1104449&year=2015&datasource=agera5						V3-V4	AK	Europe
baldo5	Baldo_et_al_2018	https://academic.oup.com/femsec/article/94/2/fix186/4780271#109696013	Lilford's Wall Lizard	Chordata	Reptilia	Squamata	Lacertidae	Podarcis	Podarcis_Lilfordi	Omnivore	V3-V4	77	39.9496	4.1104	2015		38.25	7.2	31.4	17.84166667	57.48333333	17169603.17	4.08	107.5	Land	https://aquastat.fao.org/climate-information-tool/complete-climate-data?lat=39.9496287&lon=4.1104449&year=2015&datasource=agera5						V3-V4	AK	Europe
Weyrich1	Weyrich_et_al_2019	https://onlinelibrary-wiley-com.turing.library.northwestern.edu/doi/full/10.1111/mec.15240	Eastern Water Dragon	Chordata	Reptilia	Squamata	Agamidae	Intellagama	Intellagama_Lesueurii	Carnivore	V3-V4	14	-27.4744	153.0291	2015		93.33333333	9.7	28.8	20.25833333	56.30833333	17605244.92	2.81	112.0	Land	https://aquastat.fao.org/climate-information-tool/complete-climate-data?lat=-27.474366&lon=153.029116&year=2015&datasource=agera5						V3-V4	DW	Oceania
Weyrich2	Weyrich_et_al_2019	https://onlinelibrary-wiley-com.turing.library.northwestern.edu/doi/full/10.1111/mec.15240	Eastern Water Dragon	Chordata	Reptilia	Squamata	Agamidae	Intellagama	Intellagama_Lesueurii	Carnivore	V3-V4	14	-27.4744	153.0291	2015		93.33333333	9.7	28.8	20.25833333	56.30833333	17605244.92	2.81	112.0	Land	https://aquastat.fao.org/climate-information-tool/complete-climate-data?lat=-27.474366&lon=153.029116&year=2015&datasource=agera5						V3-V4	DW	Oceania
Weyrich3	Weyrich_et_al_2019	https://onlinelibrary-wiley-com.turing.library.northwestern.edu/doi/full/10.1111/mec.15240	Eastern Water Dragon	Chordata	Reptilia	Squamata	Agamidae	Intellagama	Intellagama_Lesueurii	Carnivore	V3-V4	14	-27.4744	153.0291	2015		93.33333333	9.7	28.8	20.25833333	56.30833333	17605244.92	2.81	112.0	Land	https://aquastat.fao.org/climate-information-tool/complete-climate-data?lat=-27.474366&lon=153.029116&year=2015&datasource=agera5						V3-V4	DW	Oceania
Weyrich4	Weyrich_et_al_2019	https://onlinelibrary-wiley-com.turing.library.northwestern.edu/doi/full/10.1111/mec.15240	Eastern Water Dragon	Chordata	Reptilia	Squamata	Agamidae	Intellagama	Intellagama_Lesueurii	Carnivore	V3-V4	14	-27.4744	153.0291	2015		93.33333333	9.7	28.8	20.25833333	56.30833333	17605244.92	2.81	112.0	Land	https://aquastat.fao.org/climate-information-tool/complete-climate-data?lat=-27.474366&lon=153.029116&year=2015&datasource=agera5						V3-V4	DW	Oceania
Weyrich5	Weyrich_et_al_2019	https://onlinelibrary-wiley-com.turing.library.northwestern.edu/doi/full/10.1111/mec.15240	Eastern Water Dragon	Chordata	Reptilia	Squamata	Agamidae	Intellagama	Intellagama_Lesueurii	Carnivore	V3-V4	14	-27.4744	153.0291	2015		93.33333333	9.7	28.8	20.25833333	56.30833333	17605244.92	2.81	112.0	Land	https://aquastat.fao.org/climate-information-tool/complete-climate-data?lat=-27.474366&lon=153.029116&year=2015&datasource=agera5						V3-V4	DW	Oceania
Tang1	Tang_et_al_2022	https://www.ncbi.nlm.nih.gov/pmc/articles/PMC9248866/	Tokay Gecko	Chordata	Reptilia	Squamata	Gekkonidae	Gekko	Gekko_gecko	Omnivore	V3-V4	110	22.4057	107.3533	2022	N	127.6666667	7.9	31.7	21.64166667	67.0	13879807.67	2.2	93.66666667	Land	https://aquastat.fao.org/climate-information-tool/complete-climate-data?lat=22.4056599&lon=107.35325&year=2022&datasource=agera5						V3-V4	DW	Asia
Tang2	Tang_et_al_2022	https://www.ncbi.nlm.nih.gov/pmc/articles/PMC9248866/	Tokay Gecko	Chordata	Reptilia	Squamata	Gekkonidae	Gekko	Gekko_gecko	Omnivore	V3-V4	110	22.4057	107.3533	2022	N	127.6666667	7.9	31.7	21.64166667	67.0	13879807.67	2.2	93.66666667	Land	https://aquastat.fao.org/climate-information-tool/complete-climate-data?lat=22.4056599&lon=107.35325&year=2022&datasource=agera5						V3-V4	DW	Asia
Tang3	Tang_et_al_2022	https://www.ncbi.nlm.nih.gov/pmc/articles/PMC9248866/	Tokay Gecko	Chordata	Reptilia	Squamata	Gekkonidae	Gekko	Gekko_gecko	Omnivore	V3-V4	110	22.4057	107.3533	2022	N	127.6666667	7.9	31.7	21.64166667	67.0	13879807.67	2.2	93.66666667	Land	https://aquastat.fao.org/climate-information-tool/complete-climate-data?lat=22.4056599&lon=107.35325&year=2022&datasource=agera5						V3-V4	DW	Asia
Tang4	Tang_et_al_2022	https://www.ncbi.nlm.nih.gov/pmc/articles/PMC9248866/	Tokay Gecko	Chordata	Reptilia	Squamata	Gekkonidae	Gekko	Gekko_gecko	Omnivore	V3-V4	110	22.4057	107.3533	2022	N	127.6666667	7.9	31.7	21.64166667	67.0	13879807.67	2.2	93.66666667	Land	https://aquastat.fao.org/climate-information-tool/complete-climate-data?lat=22.4056599&lon=107.35325&year=2022&datasource=agera5						V3-V4	DW	Asia
Tang5	Tang_et_al_2022	https://www.ncbi.nlm.nih.gov/pmc/articles/PMC9248866/	Tokay Gecko	Chordata	Reptilia	Squamata	Gekkonidae	Gekko	Gekko_gecko	Omnivore	V3-V4	110	22.4057	107.3533	2022	N	127.6666667	7.9	31.7	21.64166667	67.0	13879807.67	2.2	93.66666667	Land	https://aquastat.fao.org/climate-information-tool/complete-climate-data?lat=22.4056599&lon=107.35325&year=2022&datasource=agera5						V3-V4	DW	Asia
Linzhang1	Linzhang_et_al_2021	https://www.mdpi.com/2076-2615/11/8/2461	Common Lizard	Chordata	Reptilia	Squamata	Lacertidae	Zootoca	Zootoca_Vivipara	Carnivore	V3-V4	15	20.02	110.3486	2019		108.8333333	18.7	31.6	25.58333333	78.00833333	18153538.42	4.67	121.9166667	Land	https://aquastat.fao.org/climate-information-tool/complete-climate-data?lat=20.02&lon=110.3486&year=2019&datasource=agera5					datawaspaired-end_onlyusedsingleend	V3-V4	DW	Asia
Linzhang2	Linzhang_et_al_2021	https://www.mdpi.com/2076-2615/11/8/2461	Common Lizard	Chordata	Reptilia	Squamata	Lacertidae	Zootoca	Zootoca_Vivipara	Carnivore	V3-V4	15	20.02	110.3486	2019		108.8333333	18.7	31.6	25.58333333	78.00833333	18153538.42	4.67	121.9166667	Land	https://aquastat.fao.org/climate-information-tool/complete-climate-data?lat=20.02&lon=110.3486&year=2019&datasource=agera5					datawaspaired-end_onlyusedsingleend	V3-V4	DW	Asia
Linzhang3	Linzhang_et_al_2021	https://www.mdpi.com/2076-2615/11/8/2461	Common Lizard	Chordata	Reptilia	Squamata	Lacertidae	Zootoca	Zootoca_Vivipara	Carnivore	V3-V4	15	20.02	110.3486	2019		108.8333333	18.7	31.6	25.58333333	78.00833333	18153538.42	4.67	121.9166667	Land	https://aquastat.fao.org/climate-information-tool/complete-climate-data?lat=20.02&lon=110.3486&year=2019&datasource=agera5					datawaspaired-end_onlyusedsingleend	V3-V4	DW	Asia
Linzhang4	Linzhang_et_al_2021	https://www.mdpi.com/2076-2615/11/8/2461	Common Lizard	Chordata	Reptilia	Squamata	Lacertidae	Zootoca	Zootoca_Vivipara	Carnivore	V3-V4	15	20.02	110.3486	2019		108.8333333	18.7	31.6	25.58333333	78.00833333	18153538.42	4.67	121.9166667	Land	https://aquastat.fao.org/climate-information-tool/complete-climate-data?lat=20.02&lon=110.3486&year=2019&datasource=agera5					datawaspaired-end_onlyusedsingleend	V3-V4	DW	Asia
Linzhang5	Linzhang_et_al_2021	https://www.mdpi.com/2076-2615/11/8/2461	Common Lizard	Chordata	Reptilia	Squamata	Lacertidae	Zootoca	Zootoca_Vivipara	Carnivore	V3-V4	15	20.02	110.3486	2019		108.8333333	18.7	31.6	25.58333333	78.00833333	18153538.42	4.67	121.9166667	Land	https://aquastat.fao.org/climate-information-tool/complete-climate-data?lat=20.02&lon=110.3486&year=2019&datasource=agera5					datawaspaired-end_onlyusedsingleend	V3-V4	DW	Asia
Wang_Salamandra_Salamandra1	Wang_et_al_2021	https://www.nature.com/articles/s41598-021-98995-6	Fire Salamander	Chordata	Amphibia	Urodela	Salamandridae	Salamandra	Salamandra_Salamandra	Carnivore	V3-V4	37	50.9469	3.7263	2016		67.08333333	1.3	23.1	10.91666667	68.925	10675276.83	3.82	61.41666667	Land	https://aquastat.fao.org/climate-information-tool/complete-climate-data?lat=50.946881&lon=3.726310&year=2016&datasource=agera5					Samplesdividedbyfemale_male_juvenile	V3-V4	AK	Europe
Wang_Salamandra_Salamandra2	Wang_et_al_2021	https://www.nature.com/articles/s41598-021-98995-6	Fire Salamander	Chordata	Amphibia	Urodela	Salamandridae	Salamandra	Salamandra_Salamandra	Carnivore	V3-V4	37	50.9469	3.7263	2016		67.08333333	1.3	23.1	10.91666667	68.925	10675276.83	3.82	61.41666667	Land	https://aquastat.fao.org/climate-information-tool/complete-climate-data?lat=50.946881&lon=3.726310&year=2016&datasource=agera5					Samplesdividedbyfemale_male_juvenile	V3-V4	AK	Europe
Wang_Salamandra_Salamandra3	Wang_et_al_2021	https://www.nature.com/articles/s41598-021-98995-6	Fire Salamander	Chordata	Amphibia	Urodela	Salamandridae	Salamandra	Salamandra_Salamandra	Carnivore	V3-V4	37	50.9469	3.7263	2016		67.08333333	1.3	23.1	10.91666667	68.925	10675276.83	3.82	61.41666667	Land	https://aquastat.fao.org/climate-information-tool/complete-climate-data?lat=50.946881&lon=3.726310&year=2016&datasource=agera5					Samplesdividedbyfemale_male_juvenile	V3-V4	AK	Europe
Wang_Salamandra_Salamandra4	Wang_et_al_2021	https://www.nature.com/articles/s41598-021-98995-6	Fire Salamander	Chordata	Amphibia	Urodela	Salamandridae	Salamandra	Salamandra_Salamandra	Carnivore	V3-V4	37	50.9469	3.7263	2016		67.08333333	1.3	23.1	10.91666667	68.925	10675276.83	3.82	61.41666667	Land	https://aquastat.fao.org/climate-information-tool/complete-climate-data?lat=50.946881&lon=3.726310&year=2016&datasource=agera5					Samplesdividedbyfemale_male_juvenile	V3-V4	AK	Europe
Wang_Salamandra_Salamandra5	Wang_et_al_2021	https://www.nature.com/articles/s41598-021-98995-6	Fire Salamander	Chordata	Amphibia	Urodela	Salamandridae	Salamandra	Salamandra_Salamandra	Carnivore	V3-V4	37	50.9469	3.7263	2016		67.08333333	1.3	23.1	10.91666667	68.925	10675276.83	3.82	61.41666667	Land	https://aquastat.fao.org/climate-information-tool/complete-climate-data?lat=50.946881&lon=3.726310&year=2016&datasource=agera5					Samplesdividedbyfemale_male_juvenile	V3-V4	AK	Europe
lyu1	Lyu_et_al_2022	https://www.ncbi.nlm.nih.gov/pmc/articles/PMC9136413/	Freshwater Gastropod	Mollusca	Gastropoda	Architaenioglossa	Viviparidae	Bellamya	Bellamya_Aeruginosa	Herbivore	V3-V4	5	29.91	121.64	2020		86.4469697	-11.8	33.6	17.45530303	62.7030303	15955593.88	3.29	96.47727273	Water	https://aquastat.fao.org/climate-information-tool/complete-climate-data?lat=29.910000&lon=121.640000&year=2020&datasource=agera5						V3-V4	EO	Asia
lyu2	Lyu_et_al_2022	https://www.ncbi.nlm.nih.gov/pmc/articles/PMC9136413/	Freshwater Gastropod	Mollusca	Gastropoda	Architaenioglossa	Viviparidae	Bellamya	Bellamya_Aeruginosa	Herbivore	V3-V4	5	29.91	121.64	2020		86.4469697	-11.8	33.6	17.45530303	62.7030303	15955593.88	3.29	96.47727273	Water	https://aquastat.fao.org/climate-information-tool/complete-climate-data?lat=29.910000&lon=121.640000&year=2020&datasource=agera5						V3-V4	EO	Asia
lyu3	Lyu_et_al_2022	https://www.ncbi.nlm.nih.gov/pmc/articles/PMC9136413/	Freshwater Gastropod	Mollusca	Gastropoda	Architaenioglossa	Viviparidae	Bellamya	Bellamya_Aeruginosa	Herbivore	V3-V4	5	29.91	121.64	2020		86.4469697	-11.8	33.6	17.45530303	62.7030303	15955593.88	3.29	96.47727273	Water	https://aquastat.fao.org/climate-information-tool/complete-climate-data?lat=29.910000&lon=121.640000&year=2020&datasource=agera5						V3-V4	EO	Asia
lyu4	Lyu_et_al_2022	https://www.ncbi.nlm.nih.gov/pmc/articles/PMC9136413/	Freshwater Gastropod	Mollusca	Gastropoda	Architaenioglossa	Viviparidae	Bellamya	Bellamya_Aeruginosa	Herbivore	V3-V4	5	29.91	121.64	2020		86.4469697	-11.8	33.6	17.45530303	62.7030303	15955593.88	3.29	96.47727273	Water	https://aquastat.fao.org/climate-information-tool/complete-climate-data?lat=29.910000&lon=121.640000&year=2020&datasource=agera5						V3-V4	EO	Asia
lyu5	Lyu_et_al_2022	https://www.ncbi.nlm.nih.gov/pmc/articles/PMC9136413/	Freshwater Gastropod	Mollusca	Gastropoda	Architaenioglossa	Viviparidae	Bellamya	Bellamya_Aeruginosa	Herbivore	V3-V4	5	29.91	121.64	2020		86.4469697	-11.8	33.6	17.45530303	62.7030303	15955593.88	3.29	96.47727273	Water	https://aquastat.fao.org/climate-information-tool/complete-climate-data?lat=29.910000&lon=121.640000&year=2020&datasource=agera5						V3-V4	EO	Asia
LinzhangII1	Linzhang_et_al_2022	https://onlinelibrary.wiley.com/doi/full/10.1002/ece3.8586	Oriental Garden Lizard	Chordata	Reptilia	Squamata	Agamidae	Calotes	Calotes_Versicolor	Carnivore	V3-V4	15	20.02	110.3486	2019		108.8333333	18.7	31.6	25.58333333	78.00833333	18153538.42	4.67	121.9166667	Land	https://aquastat.fao.org/climate-information-tool/complete-climate-data?lat=20.0199699&lon=110.34863&year=2019&datasource=agera5						V3-V4	DW	Asia
LinzhangII2	Linzhang_et_al_2022	https://onlinelibrary.wiley.com/doi/full/10.1002/ece3.8586	Oriental Garden Lizard	Chordata	Reptilia	Squamata	Agamidae	Calotes	Calotes_Versicolor	Carnivore	V3-V4	15	20.02	110.3486	2019		108.8333333	18.7	31.6	25.58333333	78.00833333	18153538.42	4.67	121.9166667	Land	https://aquastat.fao.org/climate-information-tool/complete-climate-data?lat=20.0199699&lon=110.34863&year=2019&datasource=agera5						V3-V4	DW	Asia
LinzhangII3	Linzhang_et_al_2022	https://onlinelibrary.wiley.com/doi/full/10.1002/ece3.8586	Oriental Garden Lizard	Chordata	Reptilia	Squamata	Agamidae	Calotes	Calotes_Versicolor	Carnivore	V3-V4	15	20.02	110.3486	2019		108.8333333	18.7	31.6	25.58333333	78.00833333	18153538.42	4.67	121.9166667	Land	https://aquastat.fao.org/climate-information-tool/complete-climate-data?lat=20.0199699&lon=110.34863&year=2019&datasource=agera5						V3-V4	DW	Asia
LinzhangII4	Linzhang_et_al_2022	https://onlinelibrary.wiley.com/doi/full/10.1002/ece3.8586	Oriental Garden Lizard	Chordata	Reptilia	Squamata	Agamidae	Calotes	Calotes_Versicolor	Carnivore	V3-V4	15	20.02	110.3486	2019		108.8333333	18.7	31.6	25.58333333	78.00833333	18153538.42	4.67	121.9166667	Land	https://aquastat.fao.org/climate-information-tool/complete-climate-data?lat=20.0199699&lon=110.34863&year=2019&datasource=agera5						V3-V4	DW	Asia
LinzhangII5	Linzhang_et_al_2022	https://onlinelibrary.wiley.com/doi/full/10.1002/ece3.8586	Oriental Garden Lizard	Chordata	Reptilia	Squamata	Agamidae	Calotes	Calotes_Versicolor	Carnivore	V3-V4	15	20.02	110.3486	2019		108.8333333	18.7	31.6	25.58333333	78.00833333	18153538.42	4.67	121.9166667	Land	https://aquastat.fao.org/climate-information-tool/complete-climate-data?lat=20.0199699&lon=110.34863&year=2019&datasource=agera5						V3-V4	DW	Asia
Skrodenyte1	Skrodenyte_Arbaciauskiene_et_al_2021	https://link.springer.com/article/10.1007/s00248-021-01910-9#citeas	Baltic Salmon	Chordata	Actinopterygii	Salmoniformes	Salmonidae	Salmo	Salmo_Salar	Carnivore	V3-V4	161	54.706	25.5637	2019		51.91666667	-8.1	25.8	8.566666667	70.03333333	10536977.5	3.95	61.33333333	Water	https://aquastat.fao.org/climate-information-tool/complete-climate-data?lat=54.70603984080417&lon=25.56374462112692&year=2019&datasource=agera5					Twolocations	V3-V4	AS	Europe
Skrodenyte2	Skrodenyte_Arbaciauskiene_et_al_2021	https://link.springer.com/article/10.1007/s00248-021-01910-9#citeas	Baltic Salmon	Chordata	Actinopterygii	Salmoniformes	Salmonidae	Salmo	Salmo_Salar	Carnivore	V3-V4	161	54.706	25.5637	2019		51.91666667	-8.1	25.8	8.566666667	70.03333333	10536977.5	3.95	61.33333333	Water	https://aquastat.fao.org/climate-information-tool/complete-climate-data?lat=54.70603984080417&lon=25.56374462112692&year=2019&datasource=agera5					Twolocations	V3-V4	AS	Europe
Skrodenyte3	Skrodenyte_Arbaciauskiene_et_al_2021	https://link.springer.com/article/10.1007/s00248-021-01910-9#citeas	Baltic Salmon	Chordata	Actinopterygii	Salmoniformes	Salmonidae	Salmo	Salmo_Salar	Carnivore	V3-V4	161	54.706	25.5637	2019		51.91666667	-8.1	25.8	8.566666667	70.03333333	10536977.5	3.95	61.33333333	Water	https://aquastat.fao.org/climate-information-tool/complete-climate-data?lat=54.70603984080417&lon=25.56374462112692&year=2019&datasource=agera5					Twolocations	V3-V4	AS	Europe
Skrodenyte4	Skrodenyte_Arbaciauskiene_et_al_2021	https://link.springer.com/article/10.1007/s00248-021-01910-9#citeas	Baltic Salmon	Chordata	Actinopterygii	Salmoniformes	Salmonidae	Salmo	Salmo_Salar	Carnivore	V3-V4	161	54.706	25.5637	2019		51.91666667	-8.1	25.8	8.566666667	70.03333333	10536977.5	3.95	61.33333333	Water	https://aquastat.fao.org/climate-information-tool/complete-climate-data?lat=54.70603984080417&lon=25.56374462112692&year=2019&datasource=agera5					Twolocations	V3-V4	AS	Europe
Skrodenyte5	Skrodenyte_Arbaciauskiene_et_al_2021	https://link.springer.com/article/10.1007/s00248-021-01910-9#citeas	Baltic Salmon	Chordata	Actinopterygii	Salmoniformes	Salmonidae	Salmo	Salmo_Salar	Carnivore	V3-V4	161	54.706	25.5637	2019		51.91666667	-8.1	25.8	8.566666667	70.03333333	10536977.5	3.95	61.33333333	Water	https://aquastat.fao.org/climate-information-tool/complete-climate-data?lat=54.70603984080417&lon=25.56374462112692&year=2019&datasource=agera5					Twolocations	V3-V4	AS	Europe
ning1	Ning_et_al_2020	https://www.frontiersin.org/articles/10.3389/fmicb.2020.01665/full	Amur Tiger	Chordata	Mammalia	Carnivora	Felidae	Panthera	Panthera_Tigris	Carnivore	V3-V4	594	40.2995	117.4776	2020	N	40.58333333	-10.3	27.4	9.775	42.775	15381675.83	2.29	84.25	Land	https://aquastat.fao.org/climate-information-tool/complete-climate-data?lat=40.299468&lon=117.477626&year=2020&datasource=agera5						V3-V4	NS	Asia
ning2	Ning_et_al_2020	https://www.frontiersin.org/articles/10.3389/fmicb.2020.01665/full	Amur Tiger	Chordata	Mammalia	Carnivora	Felidae	Panthera	Panthera_Tigris	Carnivore	V3-V4	594	40.2995	117.4776	2020	N	40.58333333	-10.3	27.4	9.775	42.775	15381675.83	2.29	84.25	Land	https://aquastat.fao.org/climate-information-tool/complete-climate-data?lat=40.299468&lon=117.477626&year=2020&datasource=agera5						V3-V4	NS	Asia
ning3	Ning_et_al_2020	https://www.frontiersin.org/articles/10.3389/fmicb.2020.01665/full	Amur Tiger	Chordata	Mammalia	Carnivora	Felidae	Panthera	Panthera_Tigris	Carnivore	V3-V4	594	40.2995	117.4776	2020	N	40.58333333	-10.3	27.4	9.775	42.775	15381675.83	2.29	84.25	Land	https://aquastat.fao.org/climate-information-tool/complete-climate-data?lat=40.299468&lon=117.477626&year=2020&datasource=agera5						V3-V4	NS	Asia
ning4	Ning_et_al_2020	https://www.frontiersin.org/articles/10.3389/fmicb.2020.01665/full	Amur Tiger	Chordata	Mammalia	Carnivora	Felidae	Panthera	Panthera_Tigris	Carnivore	V3-V4	594	40.2995	117.4776	2020	N	40.58333333	-10.3	27.4	9.775	42.775	15381675.83	2.29	84.25	Land	https://aquastat.fao.org/climate-information-tool/complete-climate-data?lat=40.299468&lon=117.477626&year=2020&datasource=agera5						V3-V4	NS	Asia
ning5	Ning_et_al_2020	https://www.frontiersin.org/articles/10.3389/fmicb.2020.01665/full	Amur Tiger	Chordata	Mammalia	Carnivora	Felidae	Panthera	Panthera_Tigris	Carnivore	V3-V4	594	40.2995	117.4776	2020	N	40.58333333	-10.3	27.4	9.775	42.775	15381675.83	2.29	84.25	Land	https://aquastat.fao.org/climate-information-tool/complete-climate-data?lat=40.299468&lon=117.477626&year=2020&datasource=agera5						V3-V4	NS	Asia
montoya1	Montoya_Ciriaco_et_al_2020	https://microbiomejournal.biomedcentral.com/articles/10.1186/s40168-020-0783-6	Mesquite Lizard	Chordata	Reptilia	Squamata	Iguanidae	Sceloporus	Sceloporus_Grammicus	Insectivore	V3-V4	4305	19.2314	-98.0319	2015		78.16666667	6.2	21.3	13.81666667	45.78333333	20631477.08	2.38	115.3333333	Land	https://aquastat.fao.org/climate-information-tool/complete-climate-data?lat=19.231400&lon=-98.031900&year=2015&datasource=agera5	elevation was varied					V3-V4	NS	North America
montoya2	Montoya_Ciriaco_et_al_2020	https://microbiomejournal.biomedcentral.com/articles/10.1186/s40168-020-0783-6	Mesquite Lizard	Chordata	Reptilia	Squamata	Iguanidae	Sceloporus	Sceloporus_Grammicus	Insectivore	V3-V4	4305	19.2314	-98.0319	2015		78.16666667	6.2	21.3	13.81666667	45.78333333	20631477.08	2.38	115.3333333	Land	https://aquastat.fao.org/climate-information-tool/complete-climate-data?lat=19.231400&lon=-98.031900&year=2015&datasource=agera5	elevation was varied					V3-V4	NS	North America
montoya3	Montoya_Ciriaco_et_al_2020	https://microbiomejournal.biomedcentral.com/articles/10.1186/s40168-020-0783-6	Mesquite Lizard	Chordata	Reptilia	Squamata	Iguanidae	Sceloporus	Sceloporus_Grammicus	Insectivore	V3-V4	4305	19.2314	-98.0319	2015		78.16666667	6.2	21.3	13.81666667	45.78333333	20631477.08	2.38	115.3333333	Land	https://aquastat.fao.org/climate-information-tool/complete-climate-data?lat=19.231400&lon=-98.031900&year=2015&datasource=agera5	elevation was varied					V3-V4	NS	North America
montoya4	Montoya_Ciriaco_et_al_2020	https://microbiomejournal.biomedcentral.com/articles/10.1186/s40168-020-0783-6	Mesquite Lizard	Chordata	Reptilia	Squamata	Iguanidae	Sceloporus	Sceloporus_Grammicus	Insectivore	V3-V4	4305	19.2314	-98.0319	2015		78.16666667	6.2	21.3	13.81666667	45.78333333	20631477.08	2.38	115.3333333	Land	https://aquastat.fao.org/climate-information-tool/complete-climate-data?lat=19.231400&lon=-98.031900&year=2015&datasource=agera5	elevation was varied					V3-V4	NS	North America
montoya5	Montoya_Ciriaco_et_al_2020	https://microbiomejournal.biomedcentral.com/articles/10.1186/s40168-020-0783-6	Mesquite Lizard	Chordata	Reptilia	Squamata	Iguanidae	Sceloporus	Sceloporus_Grammicus	Insectivore	V3-V4	4305	19.2314	-98.0319	2015		78.16666667	6.2	21.3	13.81666667	45.78333333	20631477.08	2.38	115.3333333	Land	https://aquastat.fao.org/climate-information-tool/complete-climate-data?lat=19.231400&lon=-98.031900&year=2015&datasource=agera5	elevation was varied					V3-V4	NS	North America
zoqratt-1	Zoqratt_et_al_2018	https://peerj.com/articles/5826/#supp-1	Pacific White Shrimp	Arthropoda	Malacostraca	Decapoda	Penaeidae	Litopenaeus	Litopenaeus_Vannamei	Omnivore	V3-V4	9	4.2168	100.6978	2016		230.25	24.6	30.0	27.28333333	78.69166667	18025020.42	2.18	117.0	Water	https://aquastat.fao.org/climate-information-tool/complete-climate-data?lat=4.216825&lon=100.6978241&year=2016&datasource=agera5					farmraised	V3-V4	ES	Asia
zoqratt-2	Zoqratt_et_al_2018	https://peerj.com/articles/5826/#supp-1	Pacific White Shrimp	Arthropoda	Malacostraca	Decapoda	Penaeidae	Litopenaeus	Litopenaeus_Vannamei	Omnivore	V3-V4	9	4.2168	100.6978	2016		230.25	24.6	30.0	27.28333333	78.69166667	18025020.42	2.18	117.0	Water	https://aquastat.fao.org/climate-information-tool/complete-climate-data?lat=4.216825&lon=100.6978241&year=2016&datasource=agera5					farmraised	V3-V4	ES	Asia
zoqratt-3	Zoqratt_et_al_2018	https://peerj.com/articles/5826/#supp-1	Pacific White Shrimp	Arthropoda	Malacostraca	Decapoda	Penaeidae	Litopenaeus	Litopenaeus_Vannamei	Omnivore	V3-V4	9	4.2168	100.6978	2016		230.25	24.6	30.0	27.28333333	78.69166667	18025020.42	2.18	117.0	Water	https://aquastat.fao.org/climate-information-tool/complete-climate-data?lat=4.216825&lon=100.6978241&year=2016&datasource=agera5					farmraised	V3-V4	ES	Asia
zoqratt-4	Zoqratt_et_al_2018	https://peerj.com/articles/5826/#supp-1	Pacific White Shrimp	Arthropoda	Malacostraca	Decapoda	Penaeidae	Litopenaeus	Litopenaeus_Vannamei	Omnivore	V3-V4	9	4.2168	100.6978	2016		230.25	24.6	30.0	27.28333333	78.69166667	18025020.42	2.18	117.0	Water	https://aquastat.fao.org/climate-information-tool/complete-climate-data?lat=4.216825&lon=100.6978241&year=2016&datasource=agera5					farmraised	V3-V4	ES	Asia
zoqratt-5	Zoqratt_et_al_2018	https://peerj.com/articles/5826/#supp-1	Pacific White Shrimp	Arthropoda	Malacostraca	Decapoda	Penaeidae	Litopenaeus	Litopenaeus_Vannamei	Omnivore	V3-V4	9	4.2168	100.6978	2016		230.25	24.6	30.0	27.28333333	78.69166667	18025020.42	2.18	117.0	Water	https://aquastat.fao.org/climate-information-tool/complete-climate-data?lat=4.216825&lon=100.6978241&year=2016&datasource=agera5					farmraised	V3-V4	ES	Asia
Lianchen1	Lianchen_et_al_2021	https://link.springer.com/article/10.1186/s12866-021-02259-2	Apple Snail	Mollusca	Gastropoda	Caenogastropoda	Ampullariidae	Pomacea	Pomacea_Canaliculata	Omnivore	V3-V4	73	28.4672	119.9229	2019		144.8333333	2.8	31.9	17.8	68.44166667	13071304.83	1.5	80.58333333	Water	https://aquastat.fao.org/climate-information-tool/complete-climate-data?lat=28.4671999&lon=119.92293&year=2019&datasource=agera5					similarreversereadandforwardread_onlyusedforwardread	V3-V4	DW	Asia
Lianchen2	Lianchen_et_al_2021	https://link.springer.com/article/10.1186/s12866-021-02259-2	Apple Snail	Mollusca	Gastropoda	Caenogastropoda	Ampullariidae	Pomacea	Pomacea_Canaliculata	Omnivore	V3-V4	73	28.4672	119.9229	2019		144.8333333	2.8	31.9	17.8	68.44166667	13071304.83	1.5	80.58333333	Water	https://aquastat.fao.org/climate-information-tool/complete-climate-data?lat=28.4671999&lon=119.92293&year=2019&datasource=agera5					similarreversereadandforwardread_onlyusedforwardread	V3-V4	DW	Asia
Lianchen3	Lianchen_et_al_2021	https://link.springer.com/article/10.1186/s12866-021-02259-2	Apple Snail	Mollusca	Gastropoda	Caenogastropoda	Ampullariidae	Pomacea	Pomacea_Canaliculata	Omnivore	V3-V4	73	28.4672	119.9229	2019		144.8333333	2.8	31.9	17.8	68.44166667	13071304.83	1.5	80.58333333	Water	https://aquastat.fao.org/climate-information-tool/complete-climate-data?lat=28.4671999&lon=119.92293&year=2019&datasource=agera5					similarreversereadandforwardread_onlyusedforwardread	V3-V4	DW	Asia
Lianchen4	Lianchen_et_al_2021	https://link.springer.com/article/10.1186/s12866-021-02259-2	Apple Snail	Mollusca	Gastropoda	Caenogastropoda	Ampullariidae	Pomacea	Pomacea_Canaliculata	Omnivore	V3-V4	73	28.4672	119.9229	2019		144.8333333	2.8	31.9	17.8	68.44166667	13071304.83	1.5	80.58333333	Water	https://aquastat.fao.org/climate-information-tool/complete-climate-data?lat=28.4671999&lon=119.92293&year=2019&datasource=agera5					similarreversereadandforwardread_onlyusedforwardread	V3-V4	DW	Asia
Lianchen5	Lianchen_et_al_2021	https://link.springer.com/article/10.1186/s12866-021-02259-2	Apple Snail	Mollusca	Gastropoda	Caenogastropoda	Ampullariidae	Pomacea	Pomacea_Canaliculata	Omnivore	V3-V4	73	28.4672	119.9229	2019		144.8333333	2.8	31.9	17.8	68.44166667	13071304.83	1.5	80.58333333	Water	https://aquastat.fao.org/climate-information-tool/complete-climate-data?lat=28.4671999&lon=119.92293&year=2019&datasource=agera5					similarreversereadandforwardread_onlyusedforwardread	V3-V4	DW	Asia
Vasemagi1	Vasemagi_et_al_2017	https://journals.asm.org/doi/full/10.1128/mSphere.00418-17	Brown Trout	Chordata	Actinopterygii	Salmoniformes	Salmonidae	Salmo	Salmo_Trutta	Carnivore	V3-V4	35	59.5748	26.113	2013		56.16666667	-10.4	20.8	6.475	74.48333333	10015178.83	4.4	48.91666667	Water	https://aquastat.fao.org/climate-information-tool/complete-climate-data?lat=59.57479567724479&lon=26.11302183783469&year=2013&datasource=agera5						V3-V4	KS	Europe
Vasemagi2	Vasemagi_et_al_2017	https://journals.asm.org/doi/full/10.1128/mSphere.00418-17	Brown Trout	Chordata	Actinopterygii	Salmoniformes	Salmonidae	Salmo	Salmo_Trutta	Carnivore	V3-V4	35	59.5748	26.113	2013		56.16666667	-10.4	20.8	6.475	74.48333333	10015178.83	4.4	48.91666667	Water	https://aquastat.fao.org/climate-information-tool/complete-climate-data?lat=59.57479567724479&lon=26.11302183783469&year=2013&datasource=agera5						V3-V4	KS	Europe
Vasemagi3	Vasemagi_et_al_2017	https://journals.asm.org/doi/full/10.1128/mSphere.00418-17	Brown Trout	Chordata	Actinopterygii	Salmoniformes	Salmonidae	Salmo	Salmo_Trutta	Carnivore	V3-V4	35	59.5748	26.113	2013		56.16666667	-10.4	20.8	6.475	74.48333333	10015178.83	4.4	48.91666667	Water	https://aquastat.fao.org/climate-information-tool/complete-climate-data?lat=59.57479567724479&lon=26.11302183783469&year=2013&datasource=agera5						V3-V4	KS	Europe
Vasemagi4	Vasemagi_et_al_2017	https://journals.asm.org/doi/full/10.1128/mSphere.00418-17	Brown Trout	Chordata	Actinopterygii	Salmoniformes	Salmonidae	Salmo	Salmo_Trutta	Carnivore	V3-V4	35	59.5748	26.113	2013		56.16666667	-10.4	20.8	6.475	74.48333333	10015178.83	4.4	48.91666667	Water	https://aquastat.fao.org/climate-information-tool/complete-climate-data?lat=59.57479567724479&lon=26.11302183783469&year=2013&datasource=agera5						V3-V4	KS	Europe
Vasemagi5	Vasemagi_et_al_2017	https://journals.asm.org/doi/full/10.1128/mSphere.00418-17	Brown Trout	Chordata	Actinopterygii	Salmoniformes	Salmonidae	Salmo	Salmo_Trutta	Carnivore	V3-V4	35	59.5748	26.113	2013		56.16666667	-10.4	20.8	6.475	74.48333333	10015178.83	4.4	48.91666667	Water	https://aquastat.fao.org/climate-information-tool/complete-climate-data?lat=59.57479567724479&lon=26.11302183783469&year=2013&datasource=agera5						V3-V4	KS	Europe
sylvain1	Sylvain_et_al_2020	https://journals.asm.org/doi/full/10.1128/AEM.00789-20	Flag Cichlid	Chordata	Actinopterygii	Cichliformes	Cichlidae	Mesonauta	Mesonauta_Festivus	Omnivore	V3-V4	46	-3.119	-60.0217	2015		226.25	24.6	34.5	28.14166667	70.43333333	17724408.42	2.0	126.0833333	Water	https://aquastat.fao.org/climate-information-tool/complete-climate-data?lat=-3.1190275&lon=-60.0217314&year=2015&datasource=agera5					useddatafor1speciesof3instudy	V3-V4	AK	South America
sylvain2	Sylvain_et_al_2020	https://journals.asm.org/doi/full/10.1128/AEM.00789-20	Flag Cichlid	Chordata	Actinopterygii	Cichliformes	Cichlidae	Mesonauta	Mesonauta_Festivus	Omnivore	V3-V4	46	-3.119	-60.0217	2015		226.25	24.6	34.5	28.14166667	70.43333333	17724408.42	2.0	126.0833333	Water	https://aquastat.fao.org/climate-information-tool/complete-climate-data?lat=-3.1190275&lon=-60.0217314&year=2015&datasource=agera5					useddatafor1speciesof3instudy	V3-V4	AK	South America
sylvain3	Sylvain_et_al_2020	https://journals.asm.org/doi/full/10.1128/AEM.00789-20	Flag Cichlid	Chordata	Actinopterygii	Cichliformes	Cichlidae	Mesonauta	Mesonauta_Festivus	Omnivore	V3-V4	46	-3.119	-60.0217	2015		226.25	24.6	34.5	28.14166667	70.43333333	17724408.42	2.0	126.0833333	Water	https://aquastat.fao.org/climate-information-tool/complete-climate-data?lat=-3.1190275&lon=-60.0217314&year=2015&datasource=agera5					useddatafor1speciesof3instudy	V3-V4	AK	South America
sylvain4	Sylvain_et_al_2020	https://journals.asm.org/doi/full/10.1128/AEM.00789-20	Flag Cichlid	Chordata	Actinopterygii	Cichliformes	Cichlidae	Mesonauta	Mesonauta_Festivus	Omnivore	V3-V4	46	-3.119	-60.0217	2015		226.25	24.6	34.5	28.14166667	70.43333333	17724408.42	2.0	126.0833333	Water	https://aquastat.fao.org/climate-information-tool/complete-climate-data?lat=-3.1190275&lon=-60.0217314&year=2015&datasource=agera5					useddatafor1speciesof3instudy	V3-V4	AK	South America
sylvain5	Sylvain_et_al_2020	https://journals.asm.org/doi/full/10.1128/AEM.00789-20	Flag Cichlid	Chordata	Actinopterygii	Cichliformes	Cichlidae	Mesonauta	Mesonauta_Festivus	Omnivore	V3-V4	46	-3.119	-60.0217	2015		226.25	24.6	34.5	28.14166667	70.43333333	17724408.42	2.0	126.0833333	Water	https://aquastat.fao.org/climate-information-tool/complete-climate-data?lat=-3.1190275&lon=-60.0217314&year=2015&datasource=agera5					useddatafor1speciesof3instudy	V3-V4	AK	South America
Pardesi1	Pardesi_et_al_2022	https://onlinelibrary.wiley.com/doi/full/10.1111/mec.16394	Silver Drummer	Chordata	Actinopterygii	Perciformes	Kiphosidae	Kyphosus	Kyphosus_Sydneyanus	Herbivore	V3-V4	-19	-36.1659	175.2994	2018		108.6666667	12.9	21.8	16.94166667	76.80833333	16759376.83	7.02	93.33333333	Water	https://aquastat.fao.org/climate-information-tool/complete-climate-data?lat=-36.165867&lon=175.299431&year=2018&datasource=agera5						V3-V4	NT	Oceania
Pardesi2	Pardesi_et_al_2022	https://onlinelibrary.wiley.com/doi/full/10.1111/mec.16394	Silver Drummer	Chordata	Actinopterygii	Perciformes	Kiphosidae	Kyphosus	Kyphosus_Sydneyanus	Herbivore	V3-V4	-19	-36.1659	175.2994	2018		108.6666667	12.9	21.8	16.94166667	76.80833333	16759376.83	7.02	93.33333333	Water	https://aquastat.fao.org/climate-information-tool/complete-climate-data?lat=-36.165867&lon=175.299431&year=2018&datasource=agera5						V3-V4	NT	Oceania
Pardesi3	Pardesi_et_al_2022	https://onlinelibrary.wiley.com/doi/full/10.1111/mec.16394	Silver Drummer	Chordata	Actinopterygii	Perciformes	Kiphosidae	Kyphosus	Kyphosus_Sydneyanus	Herbivore	V3-V4	-19	-36.1659	175.2994	2018		108.6666667	12.9	21.8	16.94166667	76.80833333	16759376.83	7.02	93.33333333	Water	https://aquastat.fao.org/climate-information-tool/complete-climate-data?lat=-36.165867&lon=175.299431&year=2018&datasource=agera5						V3-V4	NT	Oceania
Pardesi4	Pardesi_et_al_2022	https://onlinelibrary.wiley.com/doi/full/10.1111/mec.16394	Silver Drummer	Chordata	Actinopterygii	Perciformes	Kiphosidae	Kyphosus	Kyphosus_Sydneyanus	Herbivore	V3-V4	-19	-36.1659	175.2994	2018		108.6666667	12.9	21.8	16.94166667	76.80833333	16759376.83	7.02	93.33333333	Water	https://aquastat.fao.org/climate-information-tool/complete-climate-data?lat=-36.165867&lon=175.299431&year=2018&datasource=agera5						V3-V4	NT	Oceania
Pardesi5	Pardesi_et_al_2022	https://onlinelibrary.wiley.com/doi/full/10.1111/mec.16394	Silver Drummer	Chordata	Actinopterygii	Perciformes	Kiphosidae	Kyphosus	Kyphosus_Sydneyanus	Herbivore	V3-V4	-19	-36.1659	175.2994	2018		108.6666667	12.9	21.8	16.94166667	76.80833333	16759376.83	7.02	93.33333333	Water	https://aquastat.fao.org/climate-information-tool/complete-climate-data?lat=-36.165867&lon=175.299431&year=2018&datasource=agera5						V3-V4	NT	Oceania
TangLizNT1	Tang_et_al_2020	https://www.frontiersin.org/articles/10.3389/fmicb.2020.00550/full	Chinese Crocodile Lizard	Chordata	Reptilia	Squamata	Shinisauridae	Shinisaurus	Shinisaurus_Crocodilurus	Carnivore	V3-V4	86	24.3255	109.4155	2020	N	249.3333333	7.3	31.9	20.86666667	67.89166667	13094355.25	3.13	93.58333333	Land	https://aquastat.fao.org/climate-information-tool/complete-climate-data?lat=24.3255257&lon=109.4154583&year=2020&datasource=agera5					samples from 2 locations	V3-V4	NT	Asia
TangLizNT2	Tang_et_al_2020	https://www.frontiersin.org/articles/10.3389/fmicb.2020.00550/full	Chinese Crocodile Lizard	Chordata	Reptilia	Squamata	Shinisauridae	Shinisaurus	Shinisaurus_Crocodilurus	Carnivore	V3-V4	86	24.3255	109.4155	2020	N	249.3333333	7.3	31.9	20.86666667	67.89166667	13094355.25	3.13	93.58333333	Land	https://aquastat.fao.org/climate-information-tool/complete-climate-data?lat=24.3255257&lon=109.4154583&year=2020&datasource=agera5					samples from 2 locations	V3-V4	NT	Asia
TangLizNT3	Tang_et_al_2020	https://www.frontiersin.org/articles/10.3389/fmicb.2020.00550/full	Chinese Crocodile Lizard	Chordata	Reptilia	Squamata	Shinisauridae	Shinisaurus	Shinisaurus_Crocodilurus	Carnivore	V3-V4	86	24.3255	109.4155	2020	N	249.3333333	7.3	31.9	20.86666667	67.89166667	13094355.25	3.13	93.58333333	Land	https://aquastat.fao.org/climate-information-tool/complete-climate-data?lat=24.3255257&lon=109.4154583&year=2020&datasource=agera5					samples from 2 locations	V3-V4	NT	Asia
TangLizNT4	Tang_et_al_2020	https://www.frontiersin.org/articles/10.3389/fmicb.2020.00550/full	Chinese Crocodile Lizard	Chordata	Reptilia	Squamata	Shinisauridae	Shinisaurus	Shinisaurus_Crocodilurus	Carnivore	V3-V4	86	24.3255	109.4155	2020	N	249.3333333	7.3	31.9	20.86666667	67.89166667	13094355.25	3.13	93.58333333	Land	https://aquastat.fao.org/climate-information-tool/complete-climate-data?lat=24.3255257&lon=109.4154583&year=2020&datasource=agera5					samples from 2 locations	V3-V4	NT	Asia
TangLizNT5	Tang_et_al_2020	https://www.frontiersin.org/articles/10.3389/fmicb.2020.00550/full	Chinese Crocodile Lizard	Chordata	Reptilia	Squamata	Shinisauridae	Shinisaurus	Shinisaurus_Crocodilurus	Carnivore	V3-V4	86	24.3255	109.4155	2020	N	249.3333333	7.3	31.9	20.86666667	67.89166667	13094355.25	3.13	93.58333333	Land	https://aquastat.fao.org/climate-information-tool/complete-climate-data?lat=24.3255257&lon=109.4154583&year=2020&datasource=agera5					samples from 2 locations	V3-V4	NT	Asia
schmidt1	Schmidt_et_al_2019	https://www.nature.com/articles/s41396-019-0345-8	Deer Mouse	Chordata	Mammalia	Rodentia	Cricetidae	Peromyscus	Peromyscus_Maniculatus	Omnivore	V3-V4	442	45.8372	-78.3791	2016		84.58333333	-15.0	24.4	5.333333333	60.73333333	13219926.08	3.46	64.16666667	Land	https://aquastat.fao.org/climate-information-tool/complete-climate-data?lat=45.8371591&lon=-78.3791239&year=2016&datasource=agera5						V3-V4	AS	North America
schmidt2	Schmidt_et_al_2019	https://www.nature.com/articles/s41396-019-0345-8	Deer Mouse	Chordata	Mammalia	Rodentia	Cricetidae	Peromyscus	Peromyscus_Maniculatus	Omnivore	V3-V4	442	45.8372	-78.3791	2016		84.58333333	-15.0	24.4	5.333333333	60.73333333	13219926.08	3.46	64.16666667	Land	https://aquastat.fao.org/climate-information-tool/complete-climate-data?lat=45.8371591&lon=-78.3791239&year=2016&datasource=agera5						V3-V4	AS	North America
schmidt3	Schmidt_et_al_2019	https://www.nature.com/articles/s41396-019-0345-8	Deer Mouse	Chordata	Mammalia	Rodentia	Cricetidae	Peromyscus	Peromyscus_Maniculatus	Omnivore	V3-V4	442	45.8372	-78.3791	2016		84.58333333	-15.0	24.4	5.333333333	60.73333333	13219926.08	3.46	64.16666667	Land	https://aquastat.fao.org/climate-information-tool/complete-climate-data?lat=45.8371591&lon=-78.3791239&year=2016&datasource=agera5						V3-V4	AS	North America
schmidt4	Schmidt_et_al_2019	https://www.nature.com/articles/s41396-019-0345-8	Deer Mouse	Chordata	Mammalia	Rodentia	Cricetidae	Peromyscus	Peromyscus_Maniculatus	Omnivore	V3-V4	442	45.8372	-78.3791	2016		84.58333333	-15.0	24.4	5.333333333	60.73333333	13219926.08	3.46	64.16666667	Land	https://aquastat.fao.org/climate-information-tool/complete-climate-data?lat=45.8371591&lon=-78.3791239&year=2016&datasource=agera5						V3-V4	AS	North America
schmidt5	Schmidt_et_al_2019	https://www.nature.com/articles/s41396-019-0345-8	Deer Mouse	Chordata	Mammalia	Rodentia	Cricetidae	Peromyscus	Peromyscus_Maniculatus	Omnivore	V3-V4	442	45.8372	-78.3791	2016		84.58333333	-15.0	24.4	5.333333333	60.73333333	13219926.08	3.46	64.16666667	Land	https://aquastat.fao.org/climate-information-tool/complete-climate-data?lat=45.8371591&lon=-78.3791239&year=2016&datasource=agera5						V3-V4	AS	North America
Wang-Ctenopharyngodon-idella1	Wang_et_al_2021	https://www.sciencedirect.com/science/article/pii/S1744117X21000010	Grass Carp	Chordata	Actinopterygii	Cypriniformes	Cyprinidae	Ctenopharyngodon	Ctenopharyngodon_Idella	Herbivore	V3-V4	3	31.1113	120.8475	2021	N	128.5833333	0.7	31.2	17.65	65.95833333	13993013.17	3.43	89.66666667	Water	https://aquastat.fao.org/climate-information-tool/complete-climate-data?lat=31.11130989999999&lon=120.84753&year=2021&datasource=agera5						V3-V4	EK	Asia
Wang-Ctenopharyngodon-idella2	Wang_et_al_2021	https://www.sciencedirect.com/science/article/pii/S1744117X21000010	Grass Carp	Chordata	Actinopterygii	Cypriniformes	Cyprinidae	Ctenopharyngodon	Ctenopharyngodon_Idella	Herbivore	V3-V4	3	31.1113	120.8475	2021	N	128.5833333	0.7	31.2	17.65	65.95833333	13993013.17	3.43	89.66666667	Water	https://aquastat.fao.org/climate-information-tool/complete-climate-data?lat=31.11130989999999&lon=120.84753&year=2021&datasource=agera5						V3-V4	EK	Asia
Wang-Ctenopharyngodon-idella3	Wang_et_al_2021	https://www.sciencedirect.com/science/article/pii/S1744117X21000010	Grass Carp	Chordata	Actinopterygii	Cypriniformes	Cyprinidae	Ctenopharyngodon	Ctenopharyngodon_Idella	Herbivore	V3-V4	3	31.1113	120.8475	2021	N	128.5833333	0.7	31.2	17.65	65.95833333	13993013.17	3.43	89.66666667	Water	https://aquastat.fao.org/climate-information-tool/complete-climate-data?lat=31.11130989999999&lon=120.84753&year=2021&datasource=agera5						V3-V4	EK	Asia
Wang-Ctenopharyngodon-idella4	Wang_et_al_2021	https://www.sciencedirect.com/science/article/pii/S1744117X21000010	Grass Carp	Chordata	Actinopterygii	Cypriniformes	Cyprinidae	Ctenopharyngodon	Ctenopharyngodon_Idella	Herbivore	V3-V4	3	31.1113	120.8475	2021	N	128.5833333	0.7	31.2	17.65	65.95833333	13993013.17	3.43	89.66666667	Water	https://aquastat.fao.org/climate-information-tool/complete-climate-data?lat=31.11130989999999&lon=120.84753&year=2021&datasource=agera5						V3-V4	EK	Asia
Wang-Ctenopharyngodon-idella5	Wang_et_al_2021	https://www.sciencedirect.com/science/article/pii/S1744117X21000010	Grass Carp	Chordata	Actinopterygii	Cypriniformes	Cyprinidae	Ctenopharyngodon	Ctenopharyngodon_Idella	Herbivore	V3-V4	3	31.1113	120.8475	2021	N	128.5833333	0.7	31.2	17.65	65.95833333	13993013.17	3.43	89.66666667	Water	https://aquastat.fao.org/climate-information-tool/complete-climate-data?lat=31.11130989999999&lon=120.84753&year=2021&datasource=agera5						V3-V4	EK	Asia
stoffel1	Stoffel_et_al_2020	https://onlinelibrary.wiley.com/doi/full/10.1111/mec.15385	Northern Elephant Seal	Chordata	Mammalia	Carnivora	Phocidae	Mirougna	Mirougna_Angustirostris	Carnivore	V3-V4	98	28.1872	-115.2486	2017		4.916666667	13.8	21.6	17.55	78.38333333	21177407.33	4.24	97.83333333	Land	https://aquastat.fao.org/climate-information-tool/complete-climate-data?lat=28.187231&lon=-115.248557&year=2017&datasource=agera5						V3-V4	SJ	North America
stoffel2	Stoffel_et_al_2020	https://onlinelibrary.wiley.com/doi/full/10.1111/mec.15385	Northern Elephant Seal	Chordata	Mammalia	Carnivora	Phocidae	Mirougna	Mirougna_Angustirostris	Carnivore	V3-V4	98	28.1872	-115.2486	2017		4.916666667	13.8	21.6	17.55	78.38333333	21177407.33	4.24	97.83333333	Land	https://aquastat.fao.org/climate-information-tool/complete-climate-data?lat=28.187231&lon=-115.248557&year=2017&datasource=agera5						V3-V4	SJ	North America
stoffel3	Stoffel_et_al_2020	https://onlinelibrary.wiley.com/doi/full/10.1111/mec.15385	Northern Elephant Seal	Chordata	Mammalia	Carnivora	Phocidae	Mirougna	Mirougna_Angustirostris	Carnivore	V3-V4	98	28.1872	-115.2486	2017		4.916666667	13.8	21.6	17.55	78.38333333	21177407.33	4.24	97.83333333	Land	https://aquastat.fao.org/climate-information-tool/complete-climate-data?lat=28.187231&lon=-115.248557&year=2017&datasource=agera5						V3-V4	SJ	North America
stoffel4	Stoffel_et_al_2020	https://onlinelibrary.wiley.com/doi/full/10.1111/mec.15385	Northern Elephant Seal	Chordata	Mammalia	Carnivora	Phocidae	Mirougna	Mirougna_Angustirostris	Carnivore	V3-V4	98	28.1872	-115.2486	2017		4.916666667	13.8	21.6	17.55	78.38333333	21177407.33	4.24	97.83333333	Land	https://aquastat.fao.org/climate-information-tool/complete-climate-data?lat=28.187231&lon=-115.248557&year=2017&datasource=agera5						V3-V4	SJ	North America
stoffel5	Stoffel_et_al_2020	https://onlinelibrary.wiley.com/doi/full/10.1111/mec.15385	Northern Elephant Seal	Chordata	Mammalia	Carnivora	Phocidae	Mirougna	Mirougna_Angustirostris	Carnivore	V3-V4	98	28.1872	-115.2486	2017		4.916666667	13.8	21.6	17.55	78.38333333	21177407.33	4.24	97.83333333	Land	https://aquastat.fao.org/climate-information-tool/complete-climate-data?lat=28.187231&lon=-115.248557&year=2017&datasource=agera5						V3-V4	SJ	North America
tang1	Tang_et_al_2019	https://www.frontiersin.org/articles/10.3389/fmicb.2019.02409/full#h7	Chinese Alligator	Chordata	Reptilia	Crocodilia	Alligatoridae	Alligator	Alligator_Sinensis	Carnivore	V3-V4	64	31.0734	119.6707	2014		115.8333333	-0.5	29.1	15.58333333	67.85	13529103.83	2.92	79.91666667	Land	https://aquastat.fao.org/climate-information-tool/complete-climate-data?lat=31.073439&lon=119.670704&year=2014&datasource=agera5						V3-V4	SJ	Asia
tang2	Tang_et_al_2019	https://www.frontiersin.org/articles/10.3389/fmicb.2019.02409/full#h7	Chinese Alligator	Chordata	Reptilia	Crocodilia	Alligatoridae	Alligator	Alligator_Sinensis	Carnivore	V3-V4	64	31.0734	119.6707	2014		115.8333333	-0.5	29.1	15.58333333	67.85	13529103.83	2.92	79.91666667	Land	https://aquastat.fao.org/climate-information-tool/complete-climate-data?lat=31.073439&lon=119.670704&year=2014&datasource=agera5						V3-V4	SJ	Asia
tang3	Tang_et_al_2019	https://www.frontiersin.org/articles/10.3389/fmicb.2019.02409/full#h7	Chinese Alligator	Chordata	Reptilia	Crocodilia	Alligatoridae	Alligator	Alligator_Sinensis	Carnivore	V3-V4	64	31.0734	119.6707	2014		115.8333333	-0.5	29.1	15.58333333	67.85	13529103.83	2.92	79.91666667	Land	https://aquastat.fao.org/climate-information-tool/complete-climate-data?lat=31.073439&lon=119.670704&year=2014&datasource=agera5						V3-V4	SJ	Asia
tang4	Tang_et_al_2019	https://www.frontiersin.org/articles/10.3389/fmicb.2019.02409/full#h7	Chinese Alligator	Chordata	Reptilia	Crocodilia	Alligatoridae	Alligator	Alligator_Sinensis	Carnivore	V3-V4	64	31.0734	119.6707	2014		115.8333333	-0.5	29.1	15.58333333	67.85	13529103.83	2.92	79.91666667	Land	https://aquastat.fao.org/climate-information-tool/complete-climate-data?lat=31.073439&lon=119.670704&year=2014&datasource=agera5						V3-V4	SJ	Asia
tang5	Tang_et_al_2019	https://www.frontiersin.org/articles/10.3389/fmicb.2019.02409/full#h7	Chinese Alligator	Chordata	Reptilia	Crocodilia	Alligatoridae	Alligator	Alligator_Sinensis	Carnivore	V3-V4	64	31.0734	119.6707	2014		115.8333333	-0.5	29.1	15.58333333	67.85	13529103.83	2.92	79.91666667	Land	https://aquastat.fao.org/climate-information-tool/complete-climate-data?lat=31.073439&lon=119.670704&year=2014&datasource=agera5						V3-V4	SJ	Asia
sapkota1	Sapkota_et_al_2020	https://www.sciencedirect.com/science/article/pii/S0048969720318143	Earthworm	Annelida	Clitellata	Haplotaxida	Lumbricidae	Aporrectodea	Apporectodea_caliginosa	Omnivore	V3-V4	6	55.6926	12.0974	2020	N	56.25	0.8	22.6	9.791666667	71.24166667	10452088.25	4.82	57.66666667	Land	https://aquastat.fao.org/climate-information-tool/complete-climate-data?lat=55.6925969&lon=12.0974455&year=2020&datasource=agera5						V3-V4	AS	Europe
sapkota2	Sapkota_et_al_2020	https://www.sciencedirect.com/science/article/pii/S0048969720318143	Earthworm	Annelida	Clitellata	Haplotaxida	Lumbricidae	Aporrectodea	Apporectodea_caliginosa	Omnivore	V3-V4	6	55.6926	12.0974	2020	N	56.25	0.8	22.6	9.791666667	71.24166667	10452088.25	4.82	57.66666667	Land	https://aquastat.fao.org/climate-information-tool/complete-climate-data?lat=55.6925969&lon=12.0974455&year=2020&datasource=agera5						V3-V4	AS	Europe
sapkota3	Sapkota_et_al_2020	https://www.sciencedirect.com/science/article/pii/S0048969720318143	Earthworm	Annelida	Clitellata	Haplotaxida	Lumbricidae	Aporrectodea	Apporectodea_caliginosa	Omnivore	V3-V4	6	55.6926	12.0974	2020	N	56.25	0.8	22.6	9.791666667	71.24166667	10452088.25	4.82	57.66666667	Land	https://aquastat.fao.org/climate-information-tool/complete-climate-data?lat=55.6925969&lon=12.0974455&year=2020&datasource=agera5						V3-V4	AS	Europe
sapkota4	Sapkota_et_al_2020	https://www.sciencedirect.com/science/article/pii/S0048969720318143	Earthworm	Annelida	Clitellata	Haplotaxida	Lumbricidae	Aporrectodea	Apporectodea_caliginosa	Omnivore	V3-V4	6	55.6926	12.0974	2020	N	56.25	0.8	22.6	9.791666667	71.24166667	10452088.25	4.82	57.66666667	Land	https://aquastat.fao.org/climate-information-tool/complete-climate-data?lat=55.6925969&lon=12.0974455&year=2020&datasource=agera5						V3-V4	AS	Europe
sapkota5	Sapkota_et_al_2020	https://www.sciencedirect.com/science/article/pii/S0048969720318143	Earthworm	Annelida	Clitellata	Haplotaxida	Lumbricidae	Aporrectodea	Apporectodea_caliginosa	Omnivore	V3-V4	6	55.6926	12.0974	2020	N	56.25	0.8	22.6	9.791666667	71.24166667	10452088.25	4.82	57.66666667	Land	https://aquastat.fao.org/climate-information-tool/complete-climate-data?lat=55.6925969&lon=12.0974455&year=2020&datasource=agera5						V3-V4	AS	Europe
Wagener1	Wagener_et_al_2022	https://link.springer.com/article/10.1007/s00248-021-01896-4	Guttural Toad	Chordata	Amphibia	Anura	Bufonidae	Sclerophrys	Sclerophrys_Gutturalis	Carnivore	V3-V4	21	-33.9249	18.421	2019		37.58333333	11.8	21.0	15.99166667	72.65	19234946.0	4.92	94.5	Land	https://aquastat.fao.org/climate-information-tool/complete-climate-data?lat=-33.9248685&lon=18.4240553&year=2019&datasource=agera5	sampling done across multiple islands					V3-V4	DW	Africa
Wagener2	Wagener_et_al_2022	https://link.springer.com/article/10.1007/s00248-021-01896-4	Guttural Toad	Chordata	Amphibia	Anura	Bufonidae	Sclerophrys	Sclerophrys_Gutturalis	Carnivore	V3-V4	21	-33.9249	18.421	2019		37.58333333	11.8	21.0	15.99166667	72.65	19234946.0	4.92	94.5	Land	https://aquastat.fao.org/climate-information-tool/complete-climate-data?lat=-33.9248685&lon=18.4240553&year=2019&datasource=agera5	sampling done across multiple islands					V3-V4	DW	Africa
Wagener3	Wagener_et_al_2022	https://link.springer.com/article/10.1007/s00248-021-01896-4	Guttural Toad	Chordata	Amphibia	Anura	Bufonidae	Sclerophrys	Sclerophrys_Gutturalis	Carnivore	V3-V4	21	-33.9249	18.421	2019		37.58333333	11.8	21.0	15.99166667	72.65	19234946.0	4.92	94.5	Land	https://aquastat.fao.org/climate-information-tool/complete-climate-data?lat=-33.9248685&lon=18.4240553&year=2019&datasource=agera5	sampling done across multiple islands					V3-V4	DW	Africa
Wagener4	Wagener_et_al_2022	https://link.springer.com/article/10.1007/s00248-021-01896-4	Guttural Toad	Chordata	Amphibia	Anura	Bufonidae	Sclerophrys	Sclerophrys_Gutturalis	Carnivore	V3-V4	21	-33.9249	18.421	2019		37.58333333	11.8	21.0	15.99166667	72.65	19234946.0	4.92	94.5	Land	https://aquastat.fao.org/climate-information-tool/complete-climate-data?lat=-33.9248685&lon=18.4240553&year=2019&datasource=agera5	sampling done across multiple islands					V3-V4	DW	Africa
Wagener5	Wagener_et_al_2022	https://link.springer.com/article/10.1007/s00248-021-01896-4	Guttural Toad	Chordata	Amphibia	Anura	Bufonidae	Sclerophrys	Sclerophrys_Gutturalis	Carnivore	V3-V4	21	-33.9249	18.421	2019		37.58333333	11.8	21.0	15.99166667	72.65	19234946.0	4.92	94.5	Land	https://aquastat.fao.org/climate-information-tool/complete-climate-data?lat=-33.9248685&lon=18.4240553&year=2019&datasource=agera5	sampling done across multiple islands					V3-V4	DW	Africa
Tong1	Tong_et_al_2020	https://www.sciencedirect.com/science/article/pii/S0048969720336639	Brown Frog	Chordata	Amphibia	Anura	Ranidae	Rana	Rana_Dybowskii	Carnivore	V3-V4	84	47.5775	130.8286	2020	N	66.91666667	-20.0	26.8	4.666666667	52.91666667	12646204.58	3.02	64.5	Land	https://aquastat.fao.org/climate-information-tool/complete-climate-data?lat=47.5775199&lon=130.8286&year=2020&datasource=agera5						V3-V4	ES	Asia
Tong2	Tong_et_al_2020	https://www.sciencedirect.com/science/article/pii/S0048969720336639	Brown Frog	Chordata	Amphibia	Anura	Ranidae	Rana	Rana_Dybowskii	Carnivore	V3-V4	84	47.5775	130.8286	2020	N	66.91666667	-20.0	26.8	4.666666667	52.91666667	12646204.58	3.02	64.5	Land	https://aquastat.fao.org/climate-information-tool/complete-climate-data?lat=47.5775199&lon=130.8286&year=2020&datasource=agera5						V3-V4	ES	Asia
Tong3	Tong_et_al_2020	https://www.sciencedirect.com/science/article/pii/S0048969720336639	Brown Frog	Chordata	Amphibia	Anura	Ranidae	Rana	Rana_Dybowskii	Carnivore	V3-V4	84	47.5775	130.8286	2020	N	66.91666667	-20.0	26.8	4.666666667	52.91666667	12646204.58	3.02	64.5	Land	https://aquastat.fao.org/climate-information-tool/complete-climate-data?lat=47.5775199&lon=130.8286&year=2020&datasource=agera5						V3-V4	ES	Asia
Tong4	Tong_et_al_2020	https://www.sciencedirect.com/science/article/pii/S0048969720336639	Brown Frog	Chordata	Amphibia	Anura	Ranidae	Rana	Rana_Dybowskii	Carnivore	V3-V4	84	47.5775	130.8286	2020	N	66.91666667	-20.0	26.8	4.666666667	52.91666667	12646204.58	3.02	64.5	Land	https://aquastat.fao.org/climate-information-tool/complete-climate-data?lat=47.5775199&lon=130.8286&year=2020&datasource=agera5						V3-V4	ES	Asia
Tong5	Tong_et_al_2020	https://www.sciencedirect.com/science/article/pii/S0048969720336639	Brown Frog	Chordata	Amphibia	Anura	Ranidae	Rana	Rana_Dybowskii	Carnivore	V3-V4	84	47.5775	130.8286	2020	N	66.91666667	-20.0	26.8	4.666666667	52.91666667	12646204.58	3.02	64.5	Land	https://aquastat.fao.org/climate-information-tool/complete-climate-data?lat=47.5775199&lon=130.8286&year=2020&datasource=agera5						V3-V4	ES	Asia
danckert1	Danckert-et-al-2021	https://www.sciencedirect.com/science/article/pii/S004484862033951X	Greenlip Abalone	Mollusca	Gastropoda	Lepetellida	Haliotidae	Haliotis	Haliotis_Laevigata	Herbivore	V3-V4	8	-34.7226	135.8597	2016		41.5	8.4	25.2	15.725	57.3	16220364.25	4.13	101.6666667	Water	https://aquastat.fao.org/climate-information-tool/complete-climate-data?lat=-34.7226381&lon=135.8597449&year=2016&datasource=agera5					AlsoincludedhybridHaliotislaevigata√óHaliotisrubra	V3-V4	NS	Oceania
danckert2	Danckert-et-al-2021	https://www.sciencedirect.com/science/article/pii/S004484862033951X	Greenlip Abalone	Mollusca	Gastropoda	Lepetellida	Haliotidae	Haliotis	Haliotis_Laevigata	Herbivore	V3-V4	8	-34.7226	135.8597	2016		41.5	8.4	25.2	15.725	57.3	16220364.25	4.13	101.6666667	Water	https://aquastat.fao.org/climate-information-tool/complete-climate-data?lat=-34.7226381&lon=135.8597449&year=2016&datasource=agera5					AlsoincludedhybridHaliotislaevigata√óHaliotisrubra	V3-V4	NS	Oceania
danckert3	Danckert-et-al-2021	https://www.sciencedirect.com/science/article/pii/S004484862033951X	Greenlip Abalone	Mollusca	Gastropoda	Lepetellida	Haliotidae	Haliotis	Haliotis_Laevigata	Herbivore	V3-V4	8	-34.7226	135.8597	2016		41.5	8.4	25.2	15.725	57.3	16220364.25	4.13	101.6666667	Water	https://aquastat.fao.org/climate-information-tool/complete-climate-data?lat=-34.7226381&lon=135.8597449&year=2016&datasource=agera5					AlsoincludedhybridHaliotislaevigata√óHaliotisrubra	V3-V4	NS	Oceania
danckert4	Danckert-et-al-2021	https://www.sciencedirect.com/science/article/pii/S004484862033951X	Greenlip Abalone	Mollusca	Gastropoda	Lepetellida	Haliotidae	Haliotis	Haliotis_Laevigata	Herbivore	V3-V4	8	-34.7226	135.8597	2016		41.5	8.4	25.2	15.725	57.3	16220364.25	4.13	101.6666667	Water	https://aquastat.fao.org/climate-information-tool/complete-climate-data?lat=-34.7226381&lon=135.8597449&year=2016&datasource=agera5					AlsoincludedhybridHaliotislaevigata√óHaliotisrubra	V3-V4	NS	Oceania
danckert5	Danckert-et-al-2021	https://www.sciencedirect.com/science/article/pii/S004484862033951X	Greenlip Abalone	Mollusca	Gastropoda	Lepetellida	Haliotidae	Haliotis	Haliotis_Laevigata	Herbivore	V3-V4	8	-34.7226	135.8597	2016		41.5	8.4	25.2	15.725	57.3	16220364.25	4.13	101.6666667	Water	https://aquastat.fao.org/climate-information-tool/complete-climate-data?lat=-34.7226381&lon=135.8597449&year=2016&datasource=agera5					AlsoincludedhybridHaliotislaevigata√óHaliotisrubra	V3-V4	NS	Oceania
pan1	Pan_et_al_2023	https://www.mdpi.com/1424-2818/15/4/519/pdf	Freshwater Crab	Arthropoda	Malacostraca	Decapoda	Potamidae	Sinopotamon	Sinopotamon_Planum	Omnivore	V3-V4	8	30.4239	120.3409	2021		158.9166667	0.3	31.5	17.775	64.71666667	13588170.75	2.79	87.25	Water	https://aquastat.fao.org/climate-information-tool/complete-climate-data?lat=30.4239&lon=120.3409&year=2021&datasource=agera5						V3-V4	NS	Asia
pan2	Pan_et_al_2023	https://www.mdpi.com/1424-2818/15/4/519/pdf	Freshwater Crab	Arthropoda	Malacostraca	Decapoda	Potamidae	Sinopotamon	Sinopotamon_Planum	Omnivore	V3-V4	8	30.4239	120.3409	2021		158.9166667	0.3	31.5	17.775	64.71666667	13588170.75	2.79	87.25	Water	https://aquastat.fao.org/climate-information-tool/complete-climate-data?lat=30.4239&lon=120.3409&year=2021&datasource=agera5						V3-V4	NS	Asia
pan3	Pan_et_al_2023	https://www.mdpi.com/1424-2818/15/4/519/pdf	Freshwater Crab	Arthropoda	Malacostraca	Decapoda	Potamidae	Sinopotamon	Sinopotamon_Planum	Omnivore	V3-V4	8	30.4239	120.3409	2021		158.9166667	0.3	31.5	17.775	64.71666667	13588170.75	2.79	87.25	Water	https://aquastat.fao.org/climate-information-tool/complete-climate-data?lat=30.4239&lon=120.3409&year=2021&datasource=agera5						V3-V4	NS	Asia
pan4	Pan_et_al_2023	https://www.mdpi.com/1424-2818/15/4/519/pdf	Freshwater Crab	Arthropoda	Malacostraca	Decapoda	Potamidae	Sinopotamon	Sinopotamon_Planum	Omnivore	V3-V4	8	30.4239	120.3409	2021		158.9166667	0.3	31.5	17.775	64.71666667	13588170.75	2.79	87.25	Water	https://aquastat.fao.org/climate-information-tool/complete-climate-data?lat=30.4239&lon=120.3409&year=2021&datasource=agera5						V3-V4	NS	Asia
pan5	Pan_et_al_2023	https://www.mdpi.com/1424-2818/15/4/519/pdf	Freshwater Crab	Arthropoda	Malacostraca	Decapoda	Potamidae	Sinopotamon	Sinopotamon_Planum	Omnivore	V3-V4	8	30.4239	120.3409	2021		158.9166667	0.3	31.5	17.775	64.71666667	13588170.75	2.79	87.25	Water	https://aquastat.fao.org/climate-information-tool/complete-climate-data?lat=30.4239&lon=120.3409&year=2021&datasource=agera5						V3-V4	NS	Asia
iwatsuki1	Iwatsukietal2021	https://journals.asm.org/doi/full/10.1128/MRA.01260-20	Greeneyes	Chordata	Actinopterygii	Aulopiformes	Chlorophthalmidae	Chorophthalmus	Chlorophtalmus_albatrossis	Carnivore	V3-V4	-772	34.575	138.71	2019		199.6666667	9.0	28.0	18.66666667	70.875	15461017.17	6.96	107.0	Water	https://aquastat.fao.org/climate-information-tool/complete-climate-data?lat=34.575&lon=138.710&year=2019&datasource=agera5					usedfirstof3speciesinstudy	V3-V4	AK	Asia
iwatsuki2	Iwatsukietal2021	https://journals.asm.org/doi/full/10.1128/MRA.01260-20	Greeneyes	Chordata	Actinopterygii	Aulopiformes	Chlorophthalmidae	Chorophthalmus	Chlorophtalmus_albatrossis	Carnivore	V3-V4	-772	34.575	138.71	2019		199.6666667	9.0	28.0	18.66666667	70.875	15461017.17	6.96	107.0	Water	https://aquastat.fao.org/climate-information-tool/complete-climate-data?lat=34.575&lon=138.710&year=2019&datasource=agera5					usedfirstof3speciesinstudy	V3-V4	AK	Asia
iwatsuki3	Iwatsukietal2021	https://journals.asm.org/doi/full/10.1128/MRA.01260-20	Greeneyes	Chordata	Actinopterygii	Aulopiformes	Chlorophthalmidae	Chorophthalmus	Chlorophtalmus_albatrossis	Carnivore	V3-V4	-772	34.575	138.71	2019		199.6666667	9.0	28.0	18.66666667	70.875	15461017.17	6.96	107.0	Water	https://aquastat.fao.org/climate-information-tool/complete-climate-data?lat=34.575&lon=138.710&year=2019&datasource=agera5					usedfirstof3speciesinstudy	V3-V4	AK	Asia
zhong1	Zhong_et_al_2022	https://link.springer.com/article/10.1007/s00338-021-02200-z	Sea Snakes	Chordata	Reptilia	Squamata	Elapidae	Hydrophis	Hydrophis_Cyanocinctus	Carnivore	V3-V4	8	18.2525	109.5121	2022	N	149.5833333	17.2	30.1	25.14166667	71.475	17502838.83	2.89	117.0	Water	https://aquastat.fao.org/climate-information-tool/complete-climate-data?lat=18.2524799&lon=109.51209&year=2022&datasource=agera5						V3-V4	AK	Asia
zhong2	Zhong_et_al_2022	https://link.springer.com/article/10.1007/s00338-021-02200-z	Sea Snakes	Chordata	Reptilia	Squamata	Elapidae	Hydrophis	Hydrophis_Cyanocinctus	Carnivore	V3-V4	8	18.2525	109.5121	2022	N	149.5833333	17.2	30.1	25.14166667	71.475	17502838.83	2.89	117.0	Water	https://aquastat.fao.org/climate-information-tool/complete-climate-data?lat=18.2524799&lon=109.51209&year=2022&datasource=agera5						V3-V4	AK	Asia
zhong3	Zhong_et_al_2022	https://link.springer.com/article/10.1007/s00338-021-02200-z	Sea Snakes	Chordata	Reptilia	Squamata	Elapidae	Hydrophis	Hydrophis_Cyanocinctus	Carnivore	V3-V4	8	18.2525	109.5121	2022	N	149.5833333	17.2	30.1	25.14166667	71.475	17502838.83	2.89	117.0	Water	https://aquastat.fao.org/climate-information-tool/complete-climate-data?lat=18.2524799&lon=109.51209&year=2022&datasource=agera5						V3-V4	AK	Asia
zhong4	Zhong_et_al_2022	https://link.springer.com/article/10.1007/s00338-021-02200-z	Sea Snakes	Chordata	Reptilia	Squamata	Elapidae	Hydrophis	Hydrophis_Curtus	Carnivore	V3-V4	8	18.2525	109.5121	2022	N	149.5833333	17.2	30.1	25.14166667	71.475	17502838.83	2.89	117.0	Water	https://aquastat.fao.org/climate-information-tool/complete-climate-data?lat=18.2524799&lon=109.51209&year=2022&datasource=agera5						V3-V4	AK	Asia
zhong5	Zhong_et_al_2022	https://link.springer.com/article/10.1007/s00338-021-02200-z	Sea Snakes	Chordata	Reptilia	Squamata	Elapidae	Hydrophis	Hydrophis_Curtus	Carnivore	V3-V4	8	18.2525	109.5121	2022	N	149.5833333	17.2	30.1	25.14166667	71.475	17502838.83	2.89	117.0	Water	https://aquastat.fao.org/climate-information-tool/complete-climate-data?lat=18.2524799&lon=109.51209&year=2022&datasource=agera5						V3-V4	AK	Asia
Li_Osphranter_Rufus1	Li_et_al_2016	https://link.springer.com/article/10.1007/s11274-016-2054-z	Red Kangaroo	Chordata	Mammalia	Diprotodontia	Macropodidae	Osphranter	Osphranter_Rufus	Herbivore	V3-V4	26	32.0916	118.802	2015		119.75	0.4	29.9	15.98333333	66.475	13788172.17	2.88	83.83333333	Land	https://aquastat.fao.org/climate-information-tool/complete-climate-data?lat=32.091625&lon=118.802027&year=2015&datasource=agera5					studysampledbydifferentlocationsinthedigestivetract	V3-V4	AK	Asia
Li_Osphranter_Rufus2	Li_et_al_2016	https://link.springer.com/article/10.1007/s11274-016-2054-z	Red Kangaroo	Chordata	Mammalia	Diprotodontia	Macropodidae	Osphranter	Osphranter_Rufus	Herbivore	V3-V4	26	32.0916	118.802	2015		119.75	0.4	29.9	15.98333333	66.475	13788172.17	2.88	83.83333333	Land	https://aquastat.fao.org/climate-information-tool/complete-climate-data?lat=32.091625&lon=118.802027&year=2015&datasource=agera5					studysampledbydifferentlocationsinthedigestivetract	V3-V4	AK	Asia
Li_Osphranter_Rufus3	Li_et_al_2016	https://link.springer.com/article/10.1007/s11274-016-2054-z	Red Kangaroo	Chordata	Mammalia	Diprotodontia	Macropodidae	Osphranter	Osphranter_Rufus	Herbivore	V3-V4	26	32.0916	118.802	2015		119.75	0.4	29.9	15.98333333	66.475	13788172.17	2.88	83.83333333	Land	https://aquastat.fao.org/climate-information-tool/complete-climate-data?lat=32.091625&lon=118.802027&year=2015&datasource=agera5					studysampledbydifferentlocationsinthedigestivetract	V3-V4	AK	Asia
Li_Osphranter_Rufus4	Li_et_al_2016	https://link.springer.com/article/10.1007/s11274-016-2054-z	Red Kangaroo	Chordata	Mammalia	Diprotodontia	Macropodidae	Osphranter	Osphranter_Rufus	Herbivore	V3-V4	26	32.0916	118.802	2015		119.75	0.4	29.9	15.98333333	66.475	13788172.17	2.88	83.83333333	Land	https://aquastat.fao.org/climate-information-tool/complete-climate-data?lat=32.091625&lon=118.802027&year=2015&datasource=agera5					studysampledbydifferentlocationsinthedigestivetract	V3-V4	AK	Asia
Li_Osphranter_Rufus5	Li_et_al_2016	https://link.springer.com/article/10.1007/s11274-016-2054-z	Red Kangaroo	Chordata	Mammalia	Diprotodontia	Macropodidae	Osphranter	Osphranter_Rufus	Herbivore	V3-V4	26	32.0916	118.802	2015		119.75	0.4	29.9	15.98333333	66.475	13788172.17	2.88	83.83333333	Land	https://aquastat.fao.org/climate-information-tool/complete-climate-data?lat=32.091625&lon=118.802027&year=2015&datasource=agera5					studysampledbydifferentlocationsinthedigestivetract	V3-V4	AK	Asia
zuo1	Zuo_et_al_2017	https://journals.plos.org/plosone/article?id=10.1371/journal.pone.0188919	Arctic Lamprey	Chordata	Hyperoartia	Petromyzontiformes	Petromyzontidae	Lethenteron	Lethenteron_Camtschaticum	Omnivore	V3-V4	53	47.6421	132.511	2017	N	49.41666667	-23.2	27.5	3.225	59.46666667	13919001.0	3.39	66.33333333	Water	https://aquastat.fao.org/climate-information-tool/complete-climate-data?lat=47.6421299&lon=132.51101&year=2017&datasource=agera5						V3-V4	AK	Asia
zuo2	Zuo_et_al_2017	https://journals.plos.org/plosone/article?id=10.1371/journal.pone.0188919	Arctic Lamprey	Chordata	Hyperoartia	Petromyzontiformes	Petromyzontidae	Lethenteron	Lethenteron_Camtschaticum	Omnivore	V3-V4	53	47.6421	132.511	2017	N	49.41666667	-23.2	27.5	3.225	59.46666667	13919001.0	3.39	66.33333333	Water	https://aquastat.fao.org/climate-information-tool/complete-climate-data?lat=47.6421299&lon=132.51101&year=2017&datasource=agera5						V3-V4	AK	Asia
zuo3	Zuo_et_al_2017	https://journals.plos.org/plosone/article?id=10.1371/journal.pone.0188919	Arctic Lamprey	Chordata	Hyperoartia	Petromyzontiformes	Petromyzontidae	Lethenteron	Lethenteron_Camtschaticum	Omnivore	V3-V4	53	47.6421	132.511	2017	N	49.41666667	-23.2	27.5	3.225	59.46666667	13919001.0	3.39	66.33333333	Water	https://aquastat.fao.org/climate-information-tool/complete-climate-data?lat=47.6421299&lon=132.51101&year=2017&datasource=agera5						V3-V4	AK	Asia
zuo4	Zuo_et_al_2017	https://journals.plos.org/plosone/article?id=10.1371/journal.pone.0188919	Arctic Lamprey	Chordata	Hyperoartia	Petromyzontiformes	Petromyzontidae	Lethenteron	Lethenteron_Camtschaticum	Omnivore	V3-V4	53	47.6421	132.511	2017	N	49.41666667	-23.2	27.5	3.225	59.46666667	13919001.0	3.39	66.33333333	Water	https://aquastat.fao.org/climate-information-tool/complete-climate-data?lat=47.6421299&lon=132.51101&year=2017&datasource=agera5						V3-V4	AK	Asia
zuo5	Zuo_et_al_2017	https://journals.plos.org/plosone/article?id=10.1371/journal.pone.0188919	Arctic Lamprey	Chordata	Hyperoartia	Petromyzontiformes	Petromyzontidae	Lethenteron	Lethenteron_Camtschaticum	Omnivore	V3-V4	53	47.6421	132.511	2017	N	49.41666667	-23.2	27.5	3.225	59.46666667	13919001.0	3.39	66.33333333	Water	https://aquastat.fao.org/climate-information-tool/complete-climate-data?lat=47.6421299&lon=132.51101&year=2017&datasource=agera5						V3-V4	AK	Asia
Li_Sipunculus_Nudus1	Li_et_al_2023	https://www.mdpi.com/2410-3888/8/1/32	Peanut Worm	Annelida	Sipuncula	Golfingiida	Sipunculidae	Sipunculus	Sipunculus_Nudus	Omnivore	V3-V4	52	19.1475	110.3521	2022	N	161.0	15.2	32.4	24.4	71.53333333	14881724.92	2.75	103.3333333	Land	https://aquastat.fao.org/climate-information-tool/complete-climate-data?lat=19.147497&lon=110.352074&year=2022&datasource=agera5						V3-V4	AK	Asia
Li_Sipunculus_Nudus2	Li_et_al_2023	https://www.mdpi.com/2410-3888/8/1/32	Peanut Worm	Annelida	Sipuncula	Golfingiida	Sipunculidae	Sipunculus	Sipunculus_Nudus	Omnivore	V3-V4	52	19.1475	110.3521	2022	N	161.0	15.2	32.4	24.4	71.53333333	14881724.92	2.75	103.3333333	Land	https://aquastat.fao.org/climate-information-tool/complete-climate-data?lat=19.147497&lon=110.352074&year=2022&datasource=agera5						V3-V4	AK	Asia
Li_Sipunculus_Nudus3	Li_et_al_2023	https://www.mdpi.com/2410-3888/8/1/32	Peanut Worm	Annelida	Sipuncula	Golfingiida	Sipunculidae	Sipunculus	Sipunculus_Nudus	Omnivore	V3-V4	52	19.1475	110.3521	2022	N	161.0	15.2	32.4	24.4	71.53333333	14881724.92	2.75	103.3333333	Land	https://aquastat.fao.org/climate-information-tool/complete-climate-data?lat=19.147497&lon=110.352074&year=2022&datasource=agera5						V3-V4	AK	Asia
Li_Sipunculus_Nudus4	Li_et_al_2023	https://www.mdpi.com/2410-3888/8/1/32	Peanut Worm	Annelida	Sipuncula	Golfingiida	Sipunculidae	Sipunculus	Sipunculus_Nudus	Omnivore	V3-V4	52	19.1475	110.3521	2022	N	161.0	15.2	32.4	24.4	71.53333333	14881724.92	2.75	103.3333333	Land	https://aquastat.fao.org/climate-information-tool/complete-climate-data?lat=19.147497&lon=110.352074&year=2022&datasource=agera5						V3-V4	AK	Asia
Hu-b1	Hu_et_al_2020	https://www.frontiersin.org/articles/10.3389/fcimb.2020.587708/full#h6	Assasin Bug	Arthropoda	Insecta	Hemiptera	Reduviidae	Triatoma	Triatoma_Rubrofasciata	Carnivore	V3-V4	1177	33.2182	109.5732	2017		99.16666667	-3.3	28.5	11.36666667	57.55	13599124.5	1.47	71.83333333	Land	https://aquastat.fao.org/climate-information-tool/complete-climate-data?lat=33.21824&lon=109.57316&year=2017&datasource=agera5						V3-V4	DW	Asia
Hu-b2	Hu_et_al_2020	https://www.frontiersin.org/articles/10.3389/fcimb.2020.587708/full#h6	Assasin Bug	Arthropoda	Insecta	Hemiptera	Reduviidae	Triatoma	Triatoma_Rubrofasciata	Carnivore	V3-V4	1177	33.2182	109.5732	2017		99.16666667	-3.3	28.5	11.36666667	57.55	13599124.5	1.47	71.83333333	Land	https://aquastat.fao.org/climate-information-tool/complete-climate-data?lat=33.21824&lon=109.57316&year=2017&datasource=agera5						V3-V4	DW	Asia
Hu-b3	Hu_et_al_2020	https://www.frontiersin.org/articles/10.3389/fcimb.2020.587708/full#h6	Assasin Bug	Arthropoda	Insecta	Hemiptera	Reduviidae	Triatoma	Triatoma_Rubrofasciata	Carnivore	V3-V4	1177	33.2182	109.5732	2017		99.16666667	-3.3	28.5	11.36666667	57.55	13599124.5	1.47	71.83333333	Land	https://aquastat.fao.org/climate-information-tool/complete-climate-data?lat=33.21824&lon=109.57316&year=2017&datasource=agera5						V3-V4	DW	Asia
Hu-b4	Hu_et_al_2020	https://www.frontiersin.org/articles/10.3389/fcimb.2020.587708/full#h6	Assasin Bug	Arthropoda	Insecta	Hemiptera	Reduviidae	Triatoma	Triatoma_Rubrofasciata	Carnivore	V3-V4	1177	33.2182	109.5732	2017		99.16666667	-3.3	28.5	11.36666667	57.55	13599124.5	1.47	71.83333333	Land	https://aquastat.fao.org/climate-information-tool/complete-climate-data?lat=33.21824&lon=109.57316&year=2017&datasource=agera5						V3-V4	DW	Asia
Hu-b5	Hu_et_al_2020	https://www.frontiersin.org/articles/10.3389/fcimb.2020.587708/full#h6	Assasin Bug	Arthropoda	Insecta	Hemiptera	Reduviidae	Triatoma	Triatoma_Rubrofasciata	Carnivore	V3-V4	1177	33.2182	109.5732	2017		99.16666667	-3.3	28.5	11.36666667	57.55	13599124.5	1.47	71.83333333	Land	https://aquastat.fao.org/climate-information-tool/complete-climate-data?lat=33.21824&lon=109.57316&year=2017&datasource=agera5						V3-V4	DW	Asia
Wei-trituberculatus1	Wei_et_al_2020	https://www.sciencedirect.com/science/article/pii/S0045653520310845	Swimming Crab 	Arthropoda	Malacostraca	Decapoda	Portunidae	Portunus	Portunus_trituberculatus	Carnivore	V3-V4	5	29.6869	121.7751	2020	N	130.5833333	5.1	31.6	17.63333333	68.74166667	13149424.42	3.02	82.58333333	Water	https://aquastat.fao.org/climate-information-tool/complete-climate-data?lat=29.68694&lon=121.7751&year=2020&datasource=agera5						V3-V4	NT	Asia
Wei-trituberculatus2	Wei_et_al_2020	https://www.sciencedirect.com/science/article/pii/S0045653520310845	Swimming Crab 	Arthropoda	Malacostraca	Decapoda	Portunidae	Portunus	Portunus_trituberculatus	Carnivore	V3-V4	5	29.6869	121.7751	2020	N	130.5833333	5.1	31.6	17.63333333	68.74166667	13149424.42	3.02	82.58333333	Water	https://aquastat.fao.org/climate-information-tool/complete-climate-data?lat=29.68694&lon=121.7751&year=2020&datasource=agera5						V3-V4	NT	Asia
Wei-trituberculatus3	Wei_et_al_2020	https://www.sciencedirect.com/science/article/pii/S0045653520310845	Swimming Crab 	Arthropoda	Malacostraca	Decapoda	Portunidae	Portunus	Portunus_trituberculatus	Carnivore	V3-V4	5	29.6869	121.7751	2020	N	130.5833333	5.1	31.6	17.63333333	68.74166667	13149424.42	3.02	82.58333333	Water	https://aquastat.fao.org/climate-information-tool/complete-climate-data?lat=29.68694&lon=121.7751&year=2020&datasource=agera5						V3-V4	NT	Asia
Wei-trituberculatus4	Wei_et_al_2020	https://www.sciencedirect.com/science/article/pii/S0045653520310845	Swimming Crab 	Arthropoda	Malacostraca	Decapoda	Portunidae	Portunus	Portunus_trituberculatus	Carnivore	V3-V4	5	29.6869	121.7751	2020	N	130.5833333	5.1	31.6	17.63333333	68.74166667	13149424.42	3.02	82.58333333	Water	https://aquastat.fao.org/climate-information-tool/complete-climate-data?lat=29.68694&lon=121.7751&year=2020&datasource=agera5						V3-V4	NT	Asia
Wei-trituberculatus5	Wei_et_al_2020	https://www.sciencedirect.com/science/article/pii/S0045653520310845	Swimming Crab 	Arthropoda	Malacostraca	Decapoda	Portunidae	Portunus	Portunus_trituberculatus	Carnivore	V3-V4	5	29.6869	121.7751	2020	N	130.5833333	5.1	31.6	17.63333333	68.74166667	13149424.42	3.02	82.58333333	Water	https://aquastat.fao.org/climate-information-tool/complete-climate-data?lat=29.68694&lon=121.7751&year=2020&datasource=agera5						V3-V4	NT	Asia
Li-noctilio1	Li_et_al_2021	https://www.frontiersin.org/articles/10.3389/fmicb.2021.641141/full	European woodwasp	Arthropoda	Insecta	Hymenoptera	Siricidae	Sirex	Sirex_noctilio	Fungivore	V3-V4	143	46.88	124.46	2019		43.0	-17.6	27.4	5.766666667	45.775	14482067.5	3.69	80.83333333	Land	https://aquastat.fao.org/climate-information-tool/complete-climate-data?lat=46.88&lon=124.46&year=2019&datasource=agera5						V3-V4	NT	Asia
Li-noctilio2	Li_et_al_2021	https://www.frontiersin.org/articles/10.3389/fmicb.2021.641141/full	European woodwasp	Arthropoda	Insecta	Hymenoptera	Siricidae	Sirex	Sirex_noctilio	Fungivore	V3-V4	143	46.88	124.46	2019		43.0	-17.6	27.4	5.766666667	45.775	14482067.5	3.69	80.83333333	Land	https://aquastat.fao.org/climate-information-tool/complete-climate-data?lat=46.88&lon=124.46&year=2019&datasource=agera5						V3-V4	NT	Asia
Li-noctilio3	Li_et_al_2021	https://www.frontiersin.org/articles/10.3389/fmicb.2021.641141/full	European woodwasp	Arthropoda	Insecta	Hymenoptera	Siricidae	Sirex	Sirex_noctilio	Fungivore	V3-V4	143	46.88	124.46	2019		43.0	-17.6	27.4	5.766666667	45.775	14482067.5	3.69	80.83333333	Land	https://aquastat.fao.org/climate-information-tool/complete-climate-data?lat=46.88&lon=124.46&year=2019&datasource=agera5						V3-V4	NT	Asia
Li-noctilio4	Li_et_al_2021	https://www.frontiersin.org/articles/10.3389/fmicb.2021.641141/full	European woodwasp	Arthropoda	Insecta	Hymenoptera	Siricidae	Sirex	Sirex_noctilio	Fungivore	V3-V4	143	46.88	124.46	2019		43.0	-17.6	27.4	5.766666667	45.775	14482067.5	3.69	80.83333333	Land	https://aquastat.fao.org/climate-information-tool/complete-climate-data?lat=46.88&lon=124.46&year=2019&datasource=agera5						V3-V4	NT	Asia
Li-noctilio5	Li_et_al_2021	https://www.frontiersin.org/articles/10.3389/fmicb.2021.641141/full	European woodwasp	Arthropoda	Insecta	Hymenoptera	Siricidae	Sirex	Sirex_noctilio	Fungivore	V3-V4	143	46.88	124.46	2019		43.0	-17.6	27.4	5.766666667	45.775	14482067.5	3.69	80.83333333	Land	https://aquastat.fao.org/climate-information-tool/complete-climate-data?lat=46.88&lon=124.46&year=2019&datasource=agera5						V3-V4	NT	Asia
Chakraborty-typographus1	Chakraborty_et_al_2020	https://www.nature.com/articles/s41598-020-75203-5	Bark Beetle 	Arthropoda	Insecta	Coleoptera	Curculionidae	Ips	Ips_typographus	Herbivore	V3-V4	347	49.0689	16.1043	2018		49.83333333	-6.7	27.8	10.39166667	59.675	12335169.67	3.2	74.58333333	Land	https://aquastat.fao.org/climate-information-tool/complete-climate-data?lat=49.068889&lon=16.104278&year=2018&datasource=agera5						V3-V4	NT	Europe
Chakraborty-typographus2	Chakraborty_et_al_2020	https://www.nature.com/articles/s41598-020-75203-5	Bark Beetle 	Arthropoda	Insecta	Coleoptera	Curculionidae	Ips	Ips_typographus	Herbivore	V3-V4	347	49.0689	16.1043	2018		49.83333333	-6.7	27.8	10.39166667	59.675	12335169.67	3.2	74.58333333	Land	https://aquastat.fao.org/climate-information-tool/complete-climate-data?lat=49.068889&lon=16.104278&year=2018&datasource=agera5						V3-V4	NT	Europe
Chakraborty-typographus3	Chakraborty_et_al_2020	https://www.nature.com/articles/s41598-020-75203-5	Bark Beetle 	Arthropoda	Insecta	Coleoptera	Curculionidae	Ips	Ips_typographus	Herbivore	V3-V4	347	49.0689	16.1043	2018		49.83333333	-6.7	27.8	10.39166667	59.675	12335169.67	3.2	74.58333333	Land	https://aquastat.fao.org/climate-information-tool/complete-climate-data?lat=49.068889&lon=16.104278&year=2018&datasource=agera5						V3-V4	NT	Europe
Chakraborty-typographus4	Chakraborty_et_al_2020	https://www.nature.com/articles/s41598-020-75203-5	Bark Beetle 	Arthropoda	Insecta	Coleoptera	Curculionidae	Ips	Ips_typographus	Herbivore	V3-V4	347	49.0689	16.1043	2018		49.83333333	-6.7	27.8	10.39166667	59.675	12335169.67	3.2	74.58333333	Land	https://aquastat.fao.org/climate-information-tool/complete-climate-data?lat=49.068889&lon=16.104278&year=2018&datasource=agera5						V3-V4	NT	Europe
Chakraborty-typographus5	Chakraborty_et_al_2020	https://www.nature.com/articles/s41598-020-75203-5	Bark Beetle 	Arthropoda	Insecta	Coleoptera	Curculionidae	Ips	Ips_typographus	Herbivore	V3-V4	347	49.0689	16.1043	2018		49.83333333	-6.7	27.8	10.39166667	59.675	12335169.67	3.2	74.58333333	Land	https://aquastat.fao.org/climate-information-tool/complete-climate-data?lat=49.068889&lon=16.104278&year=2018&datasource=agera5						V3-V4	NT	Europe
Chakraborty-cembrae1	Chakraborty_et_al_2020	https://www.nature.com/articles/s41598-020-75203-5	Bark Beetle 	Arthropoda	Insecta	Coleoptera	Curculionidae	Ips	Ips_cembrae	Herbivore	V3-V4	347	49.0689	16.1043	2018		49.83333333	-6.7	27.8	10.39166667	59.675	12335169.67	3.2	74.58333333	Land	https://aquastat.fao.org/climate-information-tool/complete-climate-data?lat=49.068889&lon=16.104278&year=2018&datasource=agera5						V3-V4	NT	Europe
Chakraborty-cembrae2	Chakraborty_et_al_2020	https://www.nature.com/articles/s41598-020-75203-5	Bark Beetle 	Arthropoda	Insecta	Coleoptera	Curculionidae	Ips	Ips_cembrae	Herbivore	V3-V4	347	49.0689	16.1043	2018		49.83333333	-6.7	27.8	10.39166667	59.675	12335169.67	3.2	74.58333333	Land	https://aquastat.fao.org/climate-information-tool/complete-climate-data?lat=49.068889&lon=16.104278&year=2018&datasource=agera5						V3-V4	NT	Europe
Chakraborty-cembrae3	Chakraborty_et_al_2020	https://www.nature.com/articles/s41598-020-75203-5	Bark Beetle 	Arthropoda	Insecta	Coleoptera	Curculionidae	Ips	Ips_cembrae	Herbivore	V3-V4	347	49.0689	16.1043	2018		49.83333333	-6.7	27.8	10.39166667	59.675	12335169.67	3.2	74.58333333	Land	https://aquastat.fao.org/climate-information-tool/complete-climate-data?lat=49.068889&lon=16.104278&year=2018&datasource=agera5						V3-V4	NT	Europe
Chakraborty-cembrae4	Chakraborty_et_al_2020	https://www.nature.com/articles/s41598-020-75203-5	Bark Beetle 	Arthropoda	Insecta	Coleoptera	Curculionidae	Ips	Ips_cembrae	Herbivore	V3-V4	347	49.0689	16.1043	2018		49.83333333	-6.7	27.8	10.39166667	59.675	12335169.67	3.2	74.58333333	Land	https://aquastat.fao.org/climate-information-tool/complete-climate-data?lat=49.068889&lon=16.104278&year=2018&datasource=agera5						V3-V4	NT	Europe
Chakraborty-cembrae5	Chakraborty_et_al_2020	https://www.nature.com/articles/s41598-020-75203-5	Bark Beetle 	Arthropoda	Insecta	Coleoptera	Curculionidae	Ips	Ips_cembrae	Herbivore	V3-V4	347	49.0689	16.1043	2018		49.83333333	-6.7	27.8	10.39166667	59.675	12335169.67	3.2	74.58333333	Land	https://aquastat.fao.org/climate-information-tool/complete-climate-data?lat=49.068889&lon=16.104278&year=2018&datasource=agera5						V3-V4	NT	Europe
Chakraborty-sexdentatus1	Chakraborty_et_al_2020	https://www.nature.com/articles/s41598-020-75203-6	Bark Beetle 	Arthropoda	Insecta	Coleoptera	Curculionidae	Ips	Ips_sexdentatus	Herbivore	V3-V4	347	49.0689	16.1043	2018		49.83333333	-6.7	27.8	10.39166667	59.675	12335169.67	3.2	74.58333333	Land	https://aquastat.fao.org/climate-information-tool/complete-climate-data?lat=49.068889&lon=16.104278&year=2018&datasource=agera5						V3-V4	NT	Europe
Chakraborty-sexdentatus2	Chakraborty_et_al_2020	https://www.nature.com/articles/s41598-020-75203-6	Bark Beetle 	Arthropoda	Insecta	Coleoptera	Curculionidae	Ips	Ips_sexdentatus	Herbivore	V3-V4	347	49.0689	16.1043	2018		49.83333333	-6.7	27.8	10.39166667	59.675	12335169.67	3.2	74.58333333	Land	https://aquastat.fao.org/climate-information-tool/complete-climate-data?lat=49.068889&lon=16.104278&year=2018&datasource=agera5						V3-V4	NT	Europe
Chakraborty-sexdentatus3	Chakraborty_et_al_2020	https://www.nature.com/articles/s41598-020-75203-6	Bark Beetle 	Arthropoda	Insecta	Coleoptera	Curculionidae	Ips	Ips_sexdentatus	Herbivore	V3-V4	347	49.0689	16.1043	2018		49.83333333	-6.7	27.8	10.39166667	59.675	12335169.67	3.2	74.58333333	Land	https://aquastat.fao.org/climate-information-tool/complete-climate-data?lat=49.068889&lon=16.104278&year=2018&datasource=agera5						V3-V4	NT	Europe
Chakraborty-sexdentatus4	Chakraborty_et_al_2020	https://www.nature.com/articles/s41598-020-75203-6	Bark Beetle 	Arthropoda	Insecta	Coleoptera	Curculionidae	Ips	Ips_sexdentatus	Herbivore	V3-V4	347	49.0689	16.1043	2018		49.83333333	-6.7	27.8	10.39166667	59.675	12335169.67	3.2	74.58333333	Land	https://aquastat.fao.org/climate-information-tool/complete-climate-data?lat=49.068889&lon=16.104278&year=2018&datasource=agera5						V3-V4	NT	Europe
Chakraborty-sexdentatus5	Chakraborty_et_al_2020	https://www.nature.com/articles/s41598-020-75203-6	Bark Beetle 	Arthropoda	Insecta	Coleoptera	Curculionidae	Ips	Ips_sexdentatus	Herbivore	V3-V4	347	49.0689	16.1043	2018		49.83333333	-6.7	27.8	10.39166667	59.675	12335169.67	3.2	74.58333333	Land	https://aquastat.fao.org/climate-information-tool/complete-climate-data?lat=49.068889&lon=16.104278&year=2018&datasource=agera5						V3-V4	NT	Europe
Chakraborty-acuminatus1	Chakraborty_et_al_2020	https://www.nature.com/articles/s41598-020-75203-7	Bark Beetle 	Arthropoda	Insecta	Coleoptera	Curculionidae	Ips	Ips_acuminatus	Herbivore	V3-V4	541	49.6719	17.5289	2018		57.41666667	-7.8	24.5	8.591666667	68.675	12077836.75	3.97	65.58333333	Land	https://aquastat.fao.org/climate-information-tool/complete-climate-data?lat=49.671889&lon=17.528917&year=2018&datasource=agera5						V3-V4	NT	Europe
Chakraborty-acuminatus2	Chakraborty_et_al_2020	https://www.nature.com/articles/s41598-020-75203-7	Bark Beetle 	Arthropoda	Insecta	Coleoptera	Curculionidae	Ips	Ips_acuminatus	Herbivore	V3-V4	541	49.6719	17.5289	2018		57.41666667	-7.8	24.5	8.591666667	68.675	12077836.75	3.97	65.58333333	Land	https://aquastat.fao.org/climate-information-tool/complete-climate-data?lat=49.671889&lon=17.528917&year=2018&datasource=agera5						V3-V4	NT	Europe
Chakraborty-acuminatus3	Chakraborty_et_al_2020	https://www.nature.com/articles/s41598-020-75203-7	Bark Beetle 	Arthropoda	Insecta	Coleoptera	Curculionidae	Ips	Ips_acuminatus	Herbivore	V3-V4	541	49.6719	17.5289	2018		57.41666667	-7.8	24.5	8.591666667	68.675	12077836.75	3.97	65.58333333	Land	https://aquastat.fao.org/climate-information-tool/complete-climate-data?lat=49.671889&lon=17.528917&year=2018&datasource=agera5						V3-V4	NT	Europe
Chakraborty-acuminatus4	Chakraborty_et_al_2020	https://www.nature.com/articles/s41598-020-75203-7	Bark Beetle 	Arthropoda	Insecta	Coleoptera	Curculionidae	Ips	Ips_acuminatus	Herbivore	V3-V4	541	49.6719	17.5289	2018		57.41666667	-7.8	24.5	8.591666667	68.675	12077836.75	3.97	65.58333333	Land	https://aquastat.fao.org/climate-information-tool/complete-climate-data?lat=49.671889&lon=17.528917&year=2018&datasource=agera5						V3-V4	NT	Europe
Chakraborty-acuminatus5	Chakraborty_et_al_2020	https://www.nature.com/articles/s41598-020-75203-7	Bark Beetle 	Arthropoda	Insecta	Coleoptera	Curculionidae	Ips	Ips_acuminatus	Herbivore	V3-V4	541	49.6719	17.5289	2018		57.41666667	-7.8	24.5	8.591666667	68.675	12077836.75	3.97	65.58333333	Land	https://aquastat.fao.org/climate-information-tool/complete-climate-data?lat=49.671889&lon=17.528917&year=2018&datasource=agera5						V3-V4	NT	Europe
Chakraborty-duplicatus1	Chakraborty_et_al_2020	https://www.nature.com/articles/s41598-020-75203-8	Bark Beetle 	Arthropoda	Insecta	Coleoptera	Curculionidae	Ips	Ips_duplicatus	Herbivore	V3-V4	347	49.0689	16.1043	2018		49.83333333	-6.7	27.8	10.39166667	59.675	12335169.67	3.2	74.58333333	Land	https://aquastat.fao.org/climate-information-tool/complete-climate-data?lat=49.068889&lon=16.104278&year=2018&datasource=agera5						V3-V4	NT	Europe
Chakraborty-duplicatus2	Chakraborty_et_al_2020	https://www.nature.com/articles/s41598-020-75203-8	Bark Beetle 	Arthropoda	Insecta	Coleoptera	Curculionidae	Ips	Ips_duplicatus	Herbivore	V3-V4	347	49.0689	16.1043	2018		49.83333333	-6.7	27.8	10.39166667	59.675	12335169.67	3.2	74.58333333	Land	https://aquastat.fao.org/climate-information-tool/complete-climate-data?lat=49.068889&lon=16.104278&year=2018&datasource=agera5						V3-V4	NT	Europe
Chakraborty-duplicatus3	Chakraborty_et_al_2020	https://www.nature.com/articles/s41598-020-75203-8	Bark Beetle 	Arthropoda	Insecta	Coleoptera	Curculionidae	Ips	Ips_duplicatus	Herbivore	V3-V4	347	49.0689	16.1043	2018		49.83333333	-6.7	27.8	10.39166667	59.675	12335169.67	3.2	74.58333333	Land	https://aquastat.fao.org/climate-information-tool/complete-climate-data?lat=49.068889&lon=16.104278&year=2018&datasource=agera5						V3-V4	NT	Europe
Chakraborty-duplicatus4	Chakraborty_et_al_2020	https://www.nature.com/articles/s41598-020-75203-8	Bark Beetle 	Arthropoda	Insecta	Coleoptera	Curculionidae	Ips	Ips_duplicatus	Herbivore	V3-V4	347	49.0689	16.1043	2018		49.83333333	-6.7	27.8	10.39166667	59.675	12335169.67	3.2	74.58333333	Land	https://aquastat.fao.org/climate-information-tool/complete-climate-data?lat=49.068889&lon=16.104278&year=2018&datasource=agera5						V3-V4	NT	Europe
Chakraborty-duplicatus5	Chakraborty_et_al_2020	https://www.nature.com/articles/s41598-020-75203-8	Bark Beetle 	Arthropoda	Insecta	Coleoptera	Curculionidae	Ips	Ips_duplicatus	Herbivore	V3-V4	347	49.0689	16.1043	2018		49.83333333	-6.7	27.8	10.39166667	59.675	12335169.67	3.2	74.58333333	Land	https://aquastat.fao.org/climate-information-tool/complete-climate-data?lat=49.068889&lon=16.104278&year=2018&datasource=agera5						V3-V4	NT	Europe
Chakraborty-poligraphus1	Chakraborty_et_al_2020	https://www.nature.com/articles/s41598-020-75203-9	Bark Beetle 	Arthropoda	Insecta	Coleoptera	Curculionidae	Polygraphus	Polygraphus_poligraphus	Herbivore	V3-V4	366	50.002	14.849	2018		44.41666667	-4.8	28.8	11.28333333	56.55833333	12052362.92	3.21	77.75	Land	https://aquastat.fao.org/climate-information-tool/complete-climate-data?lat=50.002000&lon=14.848972&year=2018&datasource=agera5						V3-V4	NT	Europe
Chakraborty-poligraphus2	Chakraborty_et_al_2020	https://www.nature.com/articles/s41598-020-75203-9	Bark Beetle 	Arthropoda	Insecta	Coleoptera	Curculionidae	Polygraphus	Polygraphus_poligraphus	Herbivore	V3-V4	366	50.002	14.849	2018		44.41666667	-4.8	28.8	11.28333333	56.55833333	12052362.92	3.21	77.75	Land	https://aquastat.fao.org/climate-information-tool/complete-climate-data?lat=50.002000&lon=14.848972&year=2018&datasource=agera5						V3-V4	NT	Europe
Chakraborty-poligraphus3	Chakraborty_et_al_2020	https://www.nature.com/articles/s41598-020-75203-9	Bark Beetle 	Arthropoda	Insecta	Coleoptera	Curculionidae	Polygraphus	Polygraphus_poligraphus	Herbivore	V3-V4	366	50.002	14.849	2018		44.41666667	-4.8	28.8	11.28333333	56.55833333	12052362.92	3.21	77.75	Land	https://aquastat.fao.org/climate-information-tool/complete-climate-data?lat=50.002000&lon=14.848972&year=2018&datasource=agera5						V3-V4	NT	Europe
Chakraborty-poligraphus4	Chakraborty_et_al_2020	https://www.nature.com/articles/s41598-020-75203-9	Bark Beetle 	Arthropoda	Insecta	Coleoptera	Curculionidae	Polygraphus	Polygraphus_poligraphus	Herbivore	V3-V4	366	50.002	14.849	2018		44.41666667	-4.8	28.8	11.28333333	56.55833333	12052362.92	3.21	77.75	Land	https://aquastat.fao.org/climate-information-tool/complete-climate-data?lat=50.002000&lon=14.848972&year=2018&datasource=agera5						V3-V4	NT	Europe
Chakraborty-poligraphus5	Chakraborty_et_al_2020	https://www.nature.com/articles/s41598-020-75203-9	Bark Beetle 	Arthropoda	Insecta	Coleoptera	Curculionidae	Polygraphus	Polygraphus_poligraphus	Herbivore	V3-V4	366	50.002	14.849	2018		44.41666667	-4.8	28.8	11.28333333	56.55833333	12052362.92	3.21	77.75	Land	https://aquastat.fao.org/climate-information-tool/complete-climate-data?lat=50.002000&lon=14.848972&year=2018&datasource=agera5						V3-V4	NT	Europe
escalasboopsboops1	Escalas_et_al_2021	https://www.frontiersin.org/articles/10.3389/fmars.2021.622883/full	Porgies	Chordata	Actinopterygii	Perciformes	Sparidae	Boops	Boops_Boops	Carnivore	V3-V4	312	43.5912	3.2584	2018		146.25	1.2	29.3	14.58333333	58.05	14661241.67	3.62	91.41666667	Water	https://aquastat.fao.org/climate-information-tool/complete-climate-data?lat=43.5912356&lon=3.2583626&year=2018&datasource=agera5						V3-V4	NS	Europe
escalasboopsboops2	Escalas_et_al_2021	https://www.frontiersin.org/articles/10.3389/fmars.2021.622883/full	Porgies	Chordata	Actinopterygii	Perciformes	Sparidae	Boops	Boops_Boops	Carnivore	V3-V4	312	43.5912	3.2584	2018		146.25	1.2	29.3	14.58333333	58.05	14661241.67	3.62	91.41666667	Water	https://aquastat.fao.org/climate-information-tool/complete-climate-data?lat=43.5912356&lon=3.2583626&year=2018&datasource=agera5						V3-V4	NS	Europe
escalasboopsboops3	Escalas_et_al_2021	https://www.frontiersin.org/articles/10.3389/fmars.2021.622883/full	Porgies	Chordata	Actinopterygii	Perciformes	Sparidae	Boops	Boops_Boops	Carnivore	V3-V4	312	43.5912	3.2584	2018		146.25	1.2	29.3	14.58333333	58.05	14661241.67	3.62	91.41666667	Water	https://aquastat.fao.org/climate-information-tool/complete-climate-data?lat=43.5912356&lon=3.2583626&year=2018&datasource=agera5						V3-V4	NS	Europe
escalasdiplodusannularis1	Escalas_et_al_2021	https://www.frontiersin.org/articles/10.3389/fmars.2021.622883/full	Porgies	Chordata	Actinopterygii	Perciformes	Sparidae	Diplodus	Diplodus_Annularis	Carnivore	V3-V4	312	43.5912	3.2584	2018		146.25	1.2	29.3	14.58333333	58.05	14661241.67	3.62	91.41666667	Water	https://aquastat.fao.org/climate-information-tool/complete-climate-data?lat=43.5912356&lon=3.2583626&year=2018&datasource=agera5						V3-V4	NS	Europe
escalasdiplodusannularis2	Escalas_et_al_2021	https://www.frontiersin.org/articles/10.3389/fmars.2021.622883/full	Porgies	Chordata	Actinopterygii	Perciformes	Sparidae	Diplodus	Diplodus_Annularis	Carnivore	V3-V4	312	43.5912	3.2584	2018		146.25	1.2	29.3	14.58333333	58.05	14661241.67	3.62	91.41666667	Water	https://aquastat.fao.org/climate-information-tool/complete-climate-data?lat=43.5912356&lon=3.2583626&year=2018&datasource=agera5						V3-V4	NS	Europe
escalasdiploduspuntazzo1	Escalas_et_al_2021	https://www.frontiersin.org/articles/10.3389/fmars.2021.622883/full	Porgies	Chordata	Actinopterygii	Perciformes	Sparidae	Diplodus	Diplodus_Puntazzo	Carnivore	V3-V4	312	43.5912	3.2584	2018		146.25	1.2	29.3	14.58333333	58.05	14661241.67	3.62	91.41666667	Water	https://aquastat.fao.org/climate-information-tool/complete-climate-data?lat=43.5912356&lon=3.2583626&year=2018&datasource=agera5						V3-V4	NS	Europe
escalasdiploduspuntazzo2	Escalas_et_al_2021	https://www.frontiersin.org/articles/10.3389/fmars.2021.622883/full	Porgies	Chordata	Actinopterygii	Perciformes	Sparidae	Diplodus	Diplodus_Puntazzo	Carnivore	V3-V4	312	43.5912	3.2584	2018		146.25	1.2	29.3	14.58333333	58.05	14661241.67	3.62	91.41666667	Water	https://aquastat.fao.org/climate-information-tool/complete-climate-data?lat=43.5912356&lon=3.2583626&year=2018&datasource=agera5						V3-V4	NS	Europe
escalasdiplodussargus1	Escalas_et_al_2021	https://www.frontiersin.org/articles/10.3389/fmars.2021.622883/full	Porgies	Chordata	Actinopterygii	Perciformes	Sparidae	Diplodus	Diplodus_Sargus	Carnivore	V3-V4	312	43.5912	3.2584	2018		146.25	1.2	29.3	14.58333333	58.05	14661241.67	3.62	91.41666667	Water	https://aquastat.fao.org/climate-information-tool/complete-climate-data?lat=43.5912356&lon=3.2583626&year=2018&datasource=agera5						V3-V4	NS	Europe
escalasdiplodussargus2	Escalas_et_al_2021	https://www.frontiersin.org/articles/10.3389/fmars.2021.622883/full	Porgies	Chordata	Actinopterygii	Perciformes	Sparidae	Diplodus	Diplodus_Sargus	Carnivore	V3-V4	312	43.5912	3.2584	2018		146.25	1.2	29.3	14.58333333	58.05	14661241.67	3.62	91.41666667	Water	https://aquastat.fao.org/climate-information-tool/complete-climate-data?lat=43.5912356&lon=3.2583626&year=2018&datasource=agera5						V3-V4	NS	Europe
escalasdiplodusvulgaris1	Escalas_et_al_2021	https://www.frontiersin.org/articles/10.3389/fmars.2021.622883/full	Porgies	Chordata	Actinopterygii	Perciformes	Sparidae	Diplodus	Diplodus_Vulgaris	Carnivore	V3-V4	312	43.5912	3.2584	2018		146.25	1.2	29.3	14.58333333	58.05	14661241.67	3.62	91.41666667	Water	https://aquastat.fao.org/climate-information-tool/complete-climate-data?lat=43.5912356&lon=3.2583626&year=2018&datasource=agera5						V3-V4	NS	Europe
escalasdiplodusvulgaris2	Escalas_et_al_2021	https://www.frontiersin.org/articles/10.3389/fmars.2021.622883/full	Porgies	Chordata	Actinopterygii	Perciformes	Sparidae	Diplodus	Diplodus_Vulgaris	Carnivore	V3-V4	312	43.5912	3.2584	2018		146.25	1.2	29.3	14.58333333	58.05	14661241.67	3.62	91.41666667	Water	https://aquastat.fao.org/climate-information-tool/complete-climate-data?lat=43.5912356&lon=3.2583626&year=2018&datasource=agera5						V3-V4	NS	Europe
escalasdiplodusvulgaris3	Escalas_et_al_2021	https://www.frontiersin.org/articles/10.3389/fmars.2021.622883/full	Porgies	Chordata	Actinopterygii	Perciformes	Sparidae	Diplodus	Diplodus_Vulgaris	Carnivore	V3-V4	312	43.5912	3.2584	2018		146.25	1.2	29.3	14.58333333	58.05	14661241.67	3.62	91.41666667	Water	https://aquastat.fao.org/climate-information-tool/complete-climate-data?lat=43.5912356&lon=3.2583626&year=2018&datasource=agera5						V3-V4	NS	Europe
escalasdiplodusvulgaris4	Escalas_et_al_2021	https://www.frontiersin.org/articles/10.3389/fmars.2021.622883/full	Porgies	Chordata	Actinopterygii	Perciformes	Sparidae	Diplodus	Diplodus_Vulgaris	Carnivore	V3-V4	312	43.5912	3.2584	2018		146.25	1.2	29.3	14.58333333	58.05	14661241.67	3.62	91.41666667	Water	https://aquastat.fao.org/climate-information-tool/complete-climate-data?lat=43.5912356&lon=3.2583626&year=2018&datasource=agera5						V3-V4	NS	Europe
escalasdiplodusvulgaris5	Escalas_et_al_2021	https://www.frontiersin.org/articles/10.3389/fmars.2021.622883/full	Porgies	Chordata	Actinopterygii	Perciformes	Sparidae	Diplodus	Diplodus_Vulgaris	Carnivore	V3-V4	312	43.5912	3.2584	2018		146.25	1.2	29.3	14.58333333	58.05	14661241.67	3.62	91.41666667	Water	https://aquastat.fao.org/climate-information-tool/complete-climate-data?lat=43.5912356&lon=3.2583626&year=2018&datasource=agera5						V3-V4	NS	Europe
escalaspagelluserythrinus1	Escalas_et_al_2021	https://www.frontiersin.org/articles/10.3389/fmars.2021.622883/full	Porgies	Chordata	Actinopterygii	Perciformes	Sparidae	Pagellus	Pagellus_Erythrinus	Carnivore	V3-V4	312	43.5912	3.2584	2018		146.25	1.2	29.3	14.58333333	58.05	14661241.67	3.62	91.41666667	Water	https://aquastat.fao.org/climate-information-tool/complete-climate-data?lat=43.5912356&lon=3.2583626&year=2018&datasource=agera5						V3-V4	NS	Europe
escalaspagelluserythrinus2	Escalas_et_al_2021	https://www.frontiersin.org/articles/10.3389/fmars.2021.622883/full	Porgies	Chordata	Actinopterygii	Perciformes	Sparidae	Pagellus	Pagellus_Erythrinus	Carnivore	V3-V4	312	43.5912	3.2584	2018		146.25	1.2	29.3	14.58333333	58.05	14661241.67	3.62	91.41666667	Water	https://aquastat.fao.org/climate-information-tool/complete-climate-data?lat=43.5912356&lon=3.2583626&year=2018&datasource=agera5						V3-V4	NS	Europe
escalaspagelluserythrinus3	Escalas_et_al_2021	https://www.frontiersin.org/articles/10.3389/fmars.2021.622883/full	Porgies	Chordata	Actinopterygii	Perciformes	Sparidae	Pagellus	Pagellus_Erythrinus	Carnivore	V3-V4	312	43.5912	3.2584	2018		146.25	1.2	29.3	14.58333333	58.05	14661241.67	3.62	91.41666667	Water	https://aquastat.fao.org/climate-information-tool/complete-climate-data?lat=43.5912356&lon=3.2583626&year=2018&datasource=agera5						V3-V4	NS	Europe
escalaspagelluserythrinus4	Escalas_et_al_2021	https://www.frontiersin.org/articles/10.3389/fmars.2021.622883/full	Porgies	Chordata	Actinopterygii	Perciformes	Sparidae	Pagellus	Pagellus_Erythrinus	Carnivore	V3-V4	312	43.5912	3.2584	2018		146.25	1.2	29.3	14.58333333	58.05	14661241.67	3.62	91.41666667	Water	https://aquastat.fao.org/climate-information-tool/complete-climate-data?lat=43.5912356&lon=3.2583626&year=2018&datasource=agera5						V3-V4	NS	Europe
escalaspagruspagrus1	Escalas_et_al_2021	https://www.frontiersin.org/articles/10.3389/fmars.2021.622883/full	Porgies	Chordata	Actinopterygii	Perciformes	Sparidae	Pagrus	Pagrus_Pagrus	Carnivore	V3-V4	312	43.5912	3.2584	2018		146.25	1.2	29.3	14.58333333	58.05	14661241.67	3.62	91.41666667	Water	https://aquastat.fao.org/climate-information-tool/complete-climate-data?lat=43.5912356&lon=3.2583626&year=2018&datasource=agera5						V3-V4	NS	Europe
escalaspagruspagrus2	Escalas_et_al_2021	https://www.frontiersin.org/articles/10.3389/fmars.2021.622883/full	Porgies	Chordata	Actinopterygii	Perciformes	Sparidae	Pagrus	Pagrus_Pagrus	Carnivore	V3-V4	312	43.5912	3.2584	2018		146.25	1.2	29.3	14.58333333	58.05	14661241.67	3.62	91.41666667	Water	https://aquastat.fao.org/climate-information-tool/complete-climate-data?lat=43.5912356&lon=3.2583626&year=2018&datasource=agera5						V3-V4	NS	Europe
escalassarpasalpa1	Escalas_et_al_2021	https://www.frontiersin.org/articles/10.3389/fmars.2021.622883/full	Porgies	Chordata	Actinopterygii	Perciformes	Sparidae	Sarpa	Sarpa_Salpa	Herbivore	V3-V4	312	43.5912	3.2584	2018		146.25	1.2	29.3	14.58333333	58.05	14661241.67	3.62	91.41666667	Water	https://aquastat.fao.org/climate-information-tool/complete-climate-data?lat=43.5912356&lon=3.2583626&year=2018&datasource=agera5						V3-V4	NS	Europe
escalassarpasalpa2	Escalas_et_al_2021	https://www.frontiersin.org/articles/10.3389/fmars.2021.622883/full	Porgies	Chordata	Actinopterygii	Perciformes	Sparidae	Sarpa	Sarpa_Salpa	Herbivore	V3-V4	312	43.5912	3.2584	2018		146.25	1.2	29.3	14.58333333	58.05	14661241.67	3.62	91.41666667	Water	https://aquastat.fao.org/climate-information-tool/complete-climate-data?lat=43.5912356&lon=3.2583626&year=2018&datasource=agera5						V3-V4	NS	Europe
escalassarpasalpa3	Escalas_et_al_2021	https://www.frontiersin.org/articles/10.3389/fmars.2021.622883/full	Porgies	Chordata	Actinopterygii	Perciformes	Sparidae	Sarpa	Sarpa_Salpa	Herbivore	V3-V4	312	43.5912	3.2584	2018		146.25	1.2	29.3	14.58333333	58.05	14661241.67	3.62	91.41666667	Water	https://aquastat.fao.org/climate-information-tool/complete-climate-data?lat=43.5912356&lon=3.2583626&year=2018&datasource=agera5						V3-V4	NS	Europe
escalassarpasalpa4	Escalas_et_al_2021	https://www.frontiersin.org/articles/10.3389/fmars.2021.622883/full	Porgies	Chordata	Actinopterygii	Perciformes	Sparidae	Sarpa	Sarpa_Salpa	Herbivore	V3-V4	312	43.5912	3.2584	2018		146.25	1.2	29.3	14.58333333	58.05	14661241.67	3.62	91.41666667	Water	https://aquastat.fao.org/climate-information-tool/complete-climate-data?lat=43.5912356&lon=3.2583626&year=2018&datasource=agera5						V3-V4	NS	Europe
escalassarpasalpa5	Escalas_et_al_2021	https://www.frontiersin.org/articles/10.3389/fmars.2021.622883/full	Porgies	Chordata	Actinopterygii	Perciformes	Sparidae	Sarpa	Sarpa_Salpa	Herbivore	V3-V4	312	43.5912	3.2584	2018		146.25	1.2	29.3	14.58333333	58.05	14661241.67	3.62	91.41666667	Water	https://aquastat.fao.org/climate-information-tool/complete-climate-data?lat=43.5912356&lon=3.2583626&year=2018&datasource=agera5						V3-V4	NS	Europe
escalassparusaurata1	Escalas_et_al_2021	https://www.frontiersin.org/articles/10.3389/fmars.2021.622883/full	Porgies	Chordata	Actinopterygii	Perciformes	Sparidae	Sparus	Sparus_Aurata	Carnivore	V3-V4	312	43.5912	3.2584	2018		146.25	1.2	29.3	14.58333333	58.05	14661241.67	3.62	91.41666667	Water	https://aquastat.fao.org/climate-information-tool/complete-climate-data?lat=43.5912356&lon=3.2583626&year=2018&datasource=agera5						V3-V4	NS	Europe
escalassparusaurata2	Escalas_et_al_2021	https://www.frontiersin.org/articles/10.3389/fmars.2021.622883/full	Porgies	Chordata	Actinopterygii	Perciformes	Sparidae	Sparus	Sparus_Aurata	Carnivore	V3-V4	312	43.5912	3.2584	2018		146.25	1.2	29.3	14.58333333	58.05	14661241.67	3.62	91.41666667	Water	https://aquastat.fao.org/climate-information-tool/complete-climate-data?lat=43.5912356&lon=3.2583626&year=2018&datasource=agera5						V3-V4	NS	Europe
escalassparusaurata3	Escalas_et_al_2021	https://www.frontiersin.org/articles/10.3389/fmars.2021.622883/full	Porgies	Chordata	Actinopterygii	Perciformes	Sparidae	Sparus	Sparus_Aurata	Carnivore	V3-V4	312	43.5912	3.2584	2018		146.25	1.2	29.3	14.58333333	58.05	14661241.67	3.62	91.41666667	Water	https://aquastat.fao.org/climate-information-tool/complete-climate-data?lat=43.5912356&lon=3.2583626&year=2018&datasource=agera5						V3-V4	NS	Europe
Kim_weddell1	Kim_et_al_2020	https://link.springer.com/article/10.1007/s12275-020-0524-3	Seals	Chordata	Mammalia	Carnivora	Phocidae	Leptonychotes	Leptonychotes_Weddellii	Carnivore	V3-V4	-104	-62.2228	-58.7883	2020		70.33333333	-9.8	1.9	-2.633333333	87.58333333	9771398.25	6.28	0.0	Land	https://aquastat.fao.org/climate-information-tool/complete-climate-data?lat=-62.222778&lon=-58.788333&year=2020&datasource=agera5						V3-V4	ES	Antarctica
Kim_weddell2	Kim_et_al_2021	https://link.springer.com/article/10.1007/s12275-020-0524-3	Seals	Chordata	Mammalia	Carnivora	Phocidae	Leptonychotes	Leptonychotes_Weddellii	Carnivore	V3-V4	-104	-62.2228	-58.7883	2020		70.33333333	-9.8	1.9	-2.633333333	87.58333333	9771398.25	6.28	0.0	Land	https://aquastat.fao.org/climate-information-tool/complete-climate-data?lat=-62.222778&lon=-58.788333&year=2020&datasource=agera5						V3-V4	ES	Antarctica
Kim_weddell3	Kim_et_al_2022	https://link.springer.com/article/10.1007/s12275-020-0524-3	Seals	Chordata	Mammalia	Carnivora	Phocidae	Leptonychotes	Leptonychotes_Weddellii	Carnivore	V3-V4	-104	-62.2228	-58.7883	2020		70.33333333	-9.8	1.9	-2.633333333	87.58333333	9771398.25	6.28	0.0	Land	https://aquastat.fao.org/climate-information-tool/complete-climate-data?lat=-62.222778&lon=-58.788333&year=2020&datasource=agera5						V3-V4	ES	Antarctica
Kim_weddell4	Kim_et_al_2023	https://link.springer.com/article/10.1007/s12275-020-0524-3	Seals	Chordata	Mammalia	Carnivora	Phocidae	Leptonychotes	Leptonychotes_Weddellii	Carnivore	V3-V4	-104	-62.2228	-58.7883	2020		70.33333333	-9.8	1.9	-2.633333333	87.58333333	9771398.25	6.28	0.0	Land	https://aquastat.fao.org/climate-information-tool/complete-climate-data?lat=-62.222778&lon=-58.788333&year=2020&datasource=agera5						V3-V4	ES	Antarctica
Kim_weddell5	Kim_et_al_2024	https://link.springer.com/article/10.1007/s12275-020-0524-3	Seals	Chordata	Mammalia	Carnivora	Phocidae	Leptonychotes	Leptonychotes_Weddellii	Carnivore	V3-V4	-104	-62.2228	-58.7883	2020		70.33333333	-9.8	1.9	-2.633333333	87.58333333	9771398.25	6.28	0.0	Land	https://aquastat.fao.org/climate-information-tool/complete-climate-data?lat=-62.222778&lon=-58.788333&year=2020&datasource=agera5						V3-V4	ES	Antarctica
Kim_elephant1	Kim_et_al_2025	https://link.springer.com/article/10.1007/s12275-020-0524-3	Seals	Chordata	Mammalia	Carnivora	Phocidae	Mirounga	Mirounga_Leonina	Carnivore	V3-V4	-104	-62.2228	-58.7883	2020		70.33333333	-9.8	1.9	-2.633333333	87.58333333	9771398.25	6.28	0.0	Land	https://aquastat.fao.org/climate-information-tool/complete-climate-data?lat=-62.222778&lon=-58.788333&year=2020&datasource=agera5						V3-V4	ES	Antarctica
Kim_elephant2	Kim_et_al_2026	https://link.springer.com/article/10.1007/s12275-020-0524-3	Seals	Chordata	Mammalia	Carnivora	Phocidae	Mirounga	Mirounga_Leonina	Carnivore	V3-V4	-104	-62.2228	-58.7883	2020		70.33333333	-9.8	1.9	-2.633333333	87.58333333	9771398.25	6.28	0.0	Land	https://aquastat.fao.org/climate-information-tool/complete-climate-data?lat=-62.222778&lon=-58.788333&year=2020&datasource=agera5						V3-V4	ES	Antarctica
Kim_elephant3	Kim_et_al_2027	https://link.springer.com/article/10.1007/s12275-020-0524-3	Seals	Chordata	Mammalia	Carnivora	Phocidae	Mirounga	Mirounga_Leonina	Carnivore	V3-V4	-104	-62.2228	-58.7883	2020		70.33333333	-9.8	1.9	-2.633333333	87.58333333	9771398.25	6.28	0.0	Land	https://aquastat.fao.org/climate-information-tool/complete-climate-data?lat=-62.222778&lon=-58.788333&year=2020&datasource=agera5						V3-V4	ES	Antarctica
Kim_elephant4	Kim_et_al_2028	https://link.springer.com/article/10.1007/s12275-020-0524-3	Seals	Chordata	Mammalia	Carnivora	Phocidae	Mirounga	Mirounga_Leonina	Carnivore	V3-V4	-104	-62.2228	-58.7883	2020		70.33333333	-9.8	1.9	-2.633333333	87.58333333	9771398.25	6.28	0.0	Land	https://aquastat.fao.org/climate-information-tool/complete-climate-data?lat=-62.222778&lon=-58.788333&year=2020&datasource=agera5						V3-V4	ES	Antarctica
Kim_elephant5	Kim_et_al_2029	https://link.springer.com/article/10.1007/s12275-020-0524-3	Seals	Chordata	Mammalia	Carnivora	Phocidae	Mirounga	Mirounga_Leonina	Carnivore	V3-V4	-104	-62.2228	-58.7883	2020		70.33333333	-9.8	1.9	-2.633333333	87.58333333	9771398.25	6.28	0.0	Land	https://aquastat.fao.org/climate-information-tool/complete-climate-data?lat=-62.222778&lon=-58.788333&year=2020&datasource=agera5						V3-V4	ES	Antarctica
Burke1	Burke_et_al_2018	https://www.mdpi.com/2076-2607/6/3/68	Australian Northern Quoll	Chordata	Mammalia	Dasyuromorphia	Dasyuridae	Dasyurus	Dasyurus_hallucatus	Carnivore	V3-V4	60	-11.8855	136.425	2016		95.16666667	24.0	29.9	27.58333333	77.05833333	21402213.33	5.85	150.8333333	Land	https://aquastat.fao.org/climate-information-tool/complete-climate-data?lat=-11.885483&lon=136.424950&year=2016&datasource=agera5					Marsupial	V3-V4	EK	Oceania
Burke2	Burke_et_al_2018	https://www.mdpi.com/2076-2607/6/3/68	Australian Northern Quoll	Chordata	Mammalia	Dasyuromorphia	Dasyuridae	Dasyurus	Dasyurus_hallucatus	Carnivore	V3-V4	60	-11.8855	136.425	2016		95.16666667	24.0	29.9	27.58333333	77.05833333	21402213.33	5.85	150.8333333	Land	https://aquastat.fao.org/climate-information-tool/complete-climate-data?lat=-11.885483&lon=136.424950&year=2016&datasource=agera5					Marsupial	V3-V4	EK	Oceania
Burke3	Burke_et_al_2018	https://www.mdpi.com/2076-2607/6/3/68	Australian Northern Quoll	Chordata	Mammalia	Dasyuromorphia	Dasyuridae	Dasyurus	Dasyurus_hallucatus	Carnivore	V3-V4	60	-11.8855	136.425	2016		95.16666667	24.0	29.9	27.58333333	77.05833333	21402213.33	5.85	150.8333333	Land	https://aquastat.fao.org/climate-information-tool/complete-climate-data?lat=-11.885483&lon=136.424950&year=2016&datasource=agera5					Marsupial	V3-V4	EK	Oceania
Burke4	Burke_et_al_2018	https://www.mdpi.com/2076-2607/6/3/68	Australian Northern Quoll	Chordata	Mammalia	Dasyuromorphia	Dasyuridae	Dasyurus	Dasyurus_hallucatus	Carnivore	V3-V4	60	-11.8855	136.425	2016		95.16666667	24.0	29.9	27.58333333	77.05833333	21402213.33	5.85	150.8333333	Land	https://aquastat.fao.org/climate-information-tool/complete-climate-data?lat=-11.885483&lon=136.424950&year=2016&datasource=agera5					Marsupial	V3-V4	EK	Oceania
Burke5	Burke_et_al_2018	https://www.mdpi.com/2076-2607/6/3/68	Australian Northern Quoll	Chordata	Mammalia	Dasyuromorphia	Dasyuridae	Dasyurus	Dasyurus_hallucatus	Carnivore	V3-V4	60	-11.8855	136.425	2016		95.16666667	24.0	29.9	27.58333333	77.05833333	21402213.33	5.85	150.8333333	Land	https://aquastat.fao.org/climate-information-tool/complete-climate-data?lat=-11.885483&lon=136.424950&year=2016&datasource=agera5					Marsupial	V3-V4	EK	Oceania
smits1	Smits_et_al_2017	https://www.science.org/doi/full/10.1126/science.aan4834	Hadza Tribe	Chordata	Mammalia	Primates	Hominidae	Homo	Homo_sapiens	Omnivore	V3-V4	1027	-3.6348	35.0829	2014		46.83333333	18.9	28.7	24.03333333	55.84166667	23277672.58	5.42	179.25	Land	https://aquastat.fao.org/climate-information-tool/complete-climate-data?lat=-3.6347588&lon=35.0828588&year=2014&datasource=agera5						V3-V4	SJ	Africa
smits2	Smits_et_al_2017	https://www.science.org/doi/full/10.1126/science.aan4834	Hadza Tribe	Chordata	Mammalia	Primates	Hominidae	Homo	Homo_sapiens	Omnivore	V3-V4	1027	-3.6348	35.0829	2014		46.83333333	18.9	28.7	24.03333333	55.84166667	23277672.58	5.42	179.25	Land	https://aquastat.fao.org/climate-information-tool/complete-climate-data?lat=-3.6347588&lon=35.0828588&year=2014&datasource=agera5						V3-V4	SJ	Africa
smits3	Smits_et_al_2017	https://www.science.org/doi/full/10.1126/science.aan4834	Hadza Tribe	Chordata	Mammalia	Primates	Hominidae	Homo	Homo_sapiens	Omnivore	V3-V4	1027	-3.6348	35.0829	2014		46.83333333	18.9	28.7	24.03333333	55.84166667	23277672.58	5.42	179.25	Land	https://aquastat.fao.org/climate-information-tool/complete-climate-data?lat=-3.6347588&lon=35.0828588&year=2014&datasource=agera5						V3-V4	SJ	Africa
smits4	Smits_et_al_2017	https://www.science.org/doi/full/10.1126/science.aan4834	Hadza Tribe	Chordata	Mammalia	Primates	Hominidae	Homo	Homo_sapiens	Omnivore	V3-V4	1027	-3.6348	35.0829	2014		46.83333333	18.9	28.7	24.03333333	55.84166667	23277672.58	5.42	179.25	Land	https://aquastat.fao.org/climate-information-tool/complete-climate-data?lat=-3.6347588&lon=35.0828588&year=2014&datasource=agera5						V3-V4	SJ	Africa
smits5	Smits_et_al_2017	https://www.science.org/doi/full/10.1126/science.aan4834	Hadza Tribe	Chordata	Mammalia	Primates	Hominidae	Homo	Homo_sapiens	Omnivore	V3-V4	1027	-3.6348	35.0829	2014		46.83333333	18.9	28.7	24.03333333	55.84166667	23277672.58	5.42	179.25	Land	https://aquastat.fao.org/climate-information-tool/complete-climate-data?lat=-3.6347588&lon=35.0828588&year=2014&datasource=agera5						V3-V4	SJ	Africa
Couch1	Couch_et_al_2021	https://www.nature.com/articles/s41467-021-22510-8#data-availability	African Buffalo	Chordata	Mammalia	Artiodactyla	Bovidae	Syncerus	Syncerus_caffer	Herbivore	V3-V4	307	-23.9884	31.5547	2017		41.58333333	13.4	32.1	23.46666667	47.325	17825185.92	3.21	141.4166667	Land	https://aquastat.fao.org/climate-information-tool/complete-climate-data?lat=-23.9883848&lon=31.5547402&year=2017&datasource=agera5						V3-V4	EK	Africa
Couch2	Couch_et_al_2021	https://www.nature.com/articles/s41467-021-22510-8#data-availability	African Buffalo	Chordata	Mammalia	Artiodactyla	Bovidae	Syncerus	Syncerus_caffer	Herbivore	V3-V4	307	-23.9884	31.5547	2017		41.58333333	13.4	32.1	23.46666667	47.325	17825185.92	3.21	141.4166667	Land	https://aquastat.fao.org/climate-information-tool/complete-climate-data?lat=-23.9883848&lon=31.5547402&year=2017&datasource=agera5						V3-V4	EK	Africa
Couch3	Couch_et_al_2021	https://www.nature.com/articles/s41467-021-22510-8#data-availability	African Buffalo	Chordata	Mammalia	Artiodactyla	Bovidae	Syncerus	Syncerus_caffer	Herbivore	V3-V4	307	-23.9884	31.5547	2017		41.58333333	13.4	32.1	23.46666667	47.325	17825185.92	3.21	141.4166667	Land	https://aquastat.fao.org/climate-information-tool/complete-climate-data?lat=-23.9883848&lon=31.5547402&year=2017&datasource=agera5						V3-V4	EK	Africa
Couch4	Couch_et_al_2021	https://www.nature.com/articles/s41467-021-22510-8#data-availability	African Buffalo	Chordata	Mammalia	Artiodactyla	Bovidae	Syncerus	Syncerus_caffer	Herbivore	V3-V4	307	-23.9884	31.5547	2017		41.58333333	13.4	32.1	23.46666667	47.325	17825185.92	3.21	141.4166667	Land	https://aquastat.fao.org/climate-information-tool/complete-climate-data?lat=-23.9883848&lon=31.5547402&year=2017&datasource=agera5						V3-V4	EK	Africa
Couch5	Couch_et_al_2021	https://www.nature.com/articles/s41467-021-22510-8#data-availability	African Buffalo	Chordata	Mammalia	Artiodactyla	Bovidae	Syncerus	Syncerus_caffer	Herbivore	V3-V4	307	-23.9884	31.5547	2017		41.58333333	13.4	32.1	23.46666667	47.325	17825185.92	3.21	141.4166667	Land	https://aquastat.fao.org/climate-information-tool/complete-climate-data?lat=-23.9883848&lon=31.5547402&year=2017&datasource=agera5						V3-V4	EK	Africa
vejar1	Vejar_et_al_2017	https://www.frontiersin.org/articles/10.3389/fmicb.2017.01221/full#h7	Chileans	Chordata	Mammalia	Primates	Hominidae	Homo	Homo_sapiens	Omnivore	V3-V4	542	-33.4489	-70.6693	2017	N	55.75	6.0	31.0	16.175	46.7	19820375.75	1.75	109.75	Land	https://aquastat.fao.org/climate-information-tool/complete-climate-data?lat=-33.4488897&lon=-70.6692655&year=2017&datasource=agera5						V3-V4	SJ	South America
vejar2	Vejar_et_al_2017	https://www.frontiersin.org/articles/10.3389/fmicb.2017.01221/full#h7	Chileans	Chordata	Mammalia	Primates	Hominidae	Homo	Homo_sapiens	Omnivore	V3-V4	542	-33.4489	-70.6693	2017	N	55.75	6.0	31.0	16.175	46.7	19820375.75	1.75	109.75	Land	https://aquastat.fao.org/climate-information-tool/complete-climate-data?lat=-33.4488897&lon=-70.6692655&year=2017&datasource=agera5						V3-V4	SJ	South America
vejar3	Vejar_et_al_2017	https://www.frontiersin.org/articles/10.3389/fmicb.2017.01221/full#h7	Chileans	Chordata	Mammalia	Primates	Hominidae	Homo	Homo_sapiens	Omnivore	V3-V4	542	-33.4489	-70.6693	2017	N	55.75	6.0	31.0	16.175	46.7	19820375.75	1.75	109.75	Land	https://aquastat.fao.org/climate-information-tool/complete-climate-data?lat=-33.4488897&lon=-70.6692655&year=2017&datasource=agera5						V3-V4	SJ	South America
vejar4	Vejar_et_al_2017	https://www.frontiersin.org/articles/10.3389/fmicb.2017.01221/full#h7	Chileans	Chordata	Mammalia	Primates	Hominidae	Homo	Homo_sapiens	Omnivore	V3-V4	542	-33.4489	-70.6693	2017	N	55.75	6.0	31.0	16.175	46.7	19820375.75	1.75	109.75	Land	https://aquastat.fao.org/climate-information-tool/complete-climate-data?lat=-33.4488897&lon=-70.6692655&year=2017&datasource=agera5						V3-V4	SJ	South America
vejar5	Vejar_et_al_2017	https://www.frontiersin.org/articles/10.3389/fmicb.2017.01221/full#h7	Chileans	Chordata	Mammalia	Primates	Hominidae	Homo	Homo_sapiens	Omnivore	V3-V4	542	-33.4489	-70.6693	2017	N	55.75	6.0	31.0	16.175	46.7	19820375.75	1.75	109.75	Land	https://aquastat.fao.org/climate-information-tool/complete-climate-data?lat=-33.4488897&lon=-70.6692655&year=2017&datasource=agera5						V3-V4	SJ	South America
Schaan1	Schaan_et_al_2021	https://www.nature.com/articles/s41522-021-00237-0#data-availability	Brazilians	Chordata	Mammalia	Primates	Hominidae	Homo	Homo_sapiens	Omnivore	V3-V4	140	-4.6128	-51.504	2021	N	180.5833333	21.8	34.6	26.725	68.025	17193758.67	1.67	118.5	Land	https://aquastat.fao.org/climate-information-tool/complete-climate-data?lat=-4.6128006&lon=-51.5040478&year=2021&datasource=agera5					Inbetweenindiginousandurbanenvironments	V3-V4	EK	South America
Schaan2	Schaan_et_al_2021	https://www.nature.com/articles/s41522-021-00237-0#data-availability	Brazilians	Chordata	Mammalia	Primates	Hominidae	Homo	Homo_sapiens	Omnivore	V3-V4	140	-4.6128	-51.504	2021	N	180.5833333	21.8	34.6	26.725	68.025	17193758.67	1.67	118.5	Land	https://aquastat.fao.org/climate-information-tool/complete-climate-data?lat=-4.6128006&lon=-51.5040478&year=2021&datasource=agera5					Inbetweenindiginousandurbanenvironments	V3-V4	EK	South America
Schaan3	Schaan_et_al_2021	https://www.nature.com/articles/s41522-021-00237-0#data-availability	Brazilians	Chordata	Mammalia	Primates	Hominidae	Homo	Homo_sapiens	Omnivore	V3-V4	140	-4.6128	-51.504	2021	N	180.5833333	21.8	34.6	26.725	68.025	17193758.67	1.67	118.5	Land	https://aquastat.fao.org/climate-information-tool/complete-climate-data?lat=-4.6128006&lon=-51.5040478&year=2021&datasource=agera5					Inbetweenindiginousandurbanenvironments	V3-V4	EK	South America
Schaan4	Schaan_et_al_2021	https://www.nature.com/articles/s41522-021-00237-0#data-availability	Brazilians	Chordata	Mammalia	Primates	Hominidae	Homo	Homo_sapiens	Omnivore	V3-V4	140	-4.6128	-51.504	2021	N	180.5833333	21.8	34.6	26.725	68.025	17193758.67	1.67	118.5	Land	https://aquastat.fao.org/climate-information-tool/complete-climate-data?lat=-4.6128006&lon=-51.5040478&year=2021&datasource=agera5					Inbetweenindiginousandurbanenvironments	V3-V4	EK	South America
Schaan5	Schaan_et_al_2021	https://www.nature.com/articles/s41522-021-00237-0#data-availability	Brazilians	Chordata	Mammalia	Primates	Hominidae	Homo	Homo_sapiens	Omnivore	V3-V4	140	-4.6128	-51.504	2021	N	180.5833333	21.8	34.6	26.725	68.025	17193758.67	1.67	118.5	Land	https://aquastat.fao.org/climate-information-tool/complete-climate-data?lat=-4.6128006&lon=-51.5040478&year=2021&datasource=agera5					Inbetweenindiginousandurbanenvironments	V3-V4	EK	South America
Plummer1	Plummer_et_al_2020	https://gutpathogens.biomedcentral.com/articles/10.1186/s13099-020-00351-y	Arab Kuwaitis 	Chordata	Mammalia	Primates	Hominidae	Homo	Homo_sapiens	Omnivore	V3-V4	17	29.3759	47.9774	2017		5.833333333	11.2	41.0	26.49166667	44.9	20041682.58	4.68	192.4166667	Land	https://aquastat.fao.org/climate-information-tool/complete-climate-data?lat=29.375859&lon=47.9774052&year=2017&datasource=agera5					readsstartingfrom20	V3-V4	NT	Asia
Plummer2	Plummer_et_al_2020	https://gutpathogens.biomedcentral.com/articles/10.1186/s13099-020-00351-y	Arab Kuwaitis 	Chordata	Mammalia	Primates	Hominidae	Homo	Homo_sapiens	Omnivore	V3-V4	17	29.3759	47.9774	2017		5.833333333	11.2	41.0	26.49166667	44.9	20041682.58	4.68	192.4166667	Land	https://aquastat.fao.org/climate-information-tool/complete-climate-data?lat=29.375859&lon=47.9774052&year=2017&datasource=agera5					readsstartingfrom21	V3-V4	NT	Asia
Plummer3	Plummer_et_al_2020	https://gutpathogens.biomedcentral.com/articles/10.1186/s13099-020-00351-y	Arab Kuwaitis 	Chordata	Mammalia	Primates	Hominidae	Homo	Homo_sapiens	Omnivore	V3-V4	17	29.3759	47.9774	2017		5.833333333	11.2	41.0	26.49166667	44.9	20041682.58	4.68	192.4166667	Land	https://aquastat.fao.org/climate-information-tool/complete-climate-data?lat=29.375859&lon=47.9774052&year=2017&datasource=agera5					readsstartingfrom22	V3-V4	NT	Asia
Plummer4	Plummer_et_al_2020	https://gutpathogens.biomedcentral.com/articles/10.1186/s13099-020-00351-y	Arab Kuwaitis 	Chordata	Mammalia	Primates	Hominidae	Homo	Homo_sapiens	Omnivore	V3-V4	17	29.3759	47.9774	2017		5.833333333	11.2	41.0	26.49166667	44.9	20041682.58	4.68	192.4166667	Land	https://aquastat.fao.org/climate-information-tool/complete-climate-data?lat=29.375859&lon=47.9774052&year=2017&datasource=agera5					readsstartingfrom23	V3-V4	NT	Asia
Plummer5	Plummer_et_al_2020	https://gutpathogens.biomedcentral.com/articles/10.1186/s13099-020-00351-y	Arab Kuwaitis 	Chordata	Mammalia	Primates	Hominidae	Homo	Homo_sapiens	Omnivore	V3-V4	17	29.3759	47.9774	2017		5.833333333	11.2	41.0	26.49166667	44.9	20041682.58	4.68	192.4166667	Land	https://aquastat.fao.org/climate-information-tool/complete-climate-data?lat=29.375859&lon=47.9774052&year=2017&datasource=agera5					readsstartingfrom24	V3-V4	NT	Asia
Lihongzhou1	Lihongzhou_et_al_2022	https://academic.oup.com/jee/article/115/4/1102/6619338	Beet Armyworm	Arthropoda	Insecta	Lepidoptera	Noctuidae	Spodoptera	Spodoptera_Exigua	Herbivore	V3-V4	7	39.2239	117.1354	2019		34.58333333	-6.3	32.9	13.99166667	39.93333333	15745752.17	3.01	111.3333333	Land	https://aquastat.fao.org/climate-information-tool/complete-climate-data?lat=39.2239299&lon=117.13544&year=2019&datasource=agera5	Sampling from 5 provinces in Northeast China	Y				V3-V4	DW	Asia
Lihongzhou2	Lihongzhou_et_al_2022	https://academic.oup.com/jee/article/115/4/1102/6619338	Beet Armyworm	Arthropoda	Insecta	Lepidoptera	Noctuidae	Spodoptera	Spodoptera_Exigua	Herbivore	V3-V4	7	39.2239	117.1354	2019		34.58333333	-6.3	32.9	13.99166667	39.93333333	15745752.17	3.01	111.3333333	Land	https://aquastat.fao.org/climate-information-tool/complete-climate-data?lat=39.2239299&lon=117.13544&year=2019&datasource=agera5	Sampling from 5 provinces in Northeast China	Y				V3-V4	DW	Asia
Lihongzhou3	Lihongzhou_et_al_2022	https://academic.oup.com/jee/article/115/4/1102/6619338	Beet Armyworm	Arthropoda	Insecta	Lepidoptera	Noctuidae	Spodoptera	Spodoptera_Exigua	Herbivore	V3-V4	7	39.2239	117.1354	2019		34.58333333	-6.3	32.9	13.99166667	39.93333333	15745752.17	3.01	111.3333333	Land	https://aquastat.fao.org/climate-information-tool/complete-climate-data?lat=39.2239299&lon=117.13544&year=2019&datasource=agera5	Sampling from 5 provinces in Northeast China	Y				V3-V4	DW	Asia
Lihongzhou4	Lihongzhou_et_al_2022	https://academic.oup.com/jee/article/115/4/1102/6619338	Beet Armyworm	Arthropoda	Insecta	Lepidoptera	Noctuidae	Spodoptera	Spodoptera_Exigua	Herbivore	V3-V4	7	39.2239	117.1354	2019		34.58333333	-6.3	32.9	13.99166667	39.93333333	15745752.17	3.01	111.3333333	Land	https://aquastat.fao.org/climate-information-tool/complete-climate-data?lat=39.2239299&lon=117.13544&year=2019&datasource=agera5	Sampling from 5 provinces in Northeast China	Y				V3-V4	DW	Asia
Lihongzhou5	Lihongzhou_et_al_2022	https://academic.oup.com/jee/article/115/4/1102/6619338	Beet Armyworm	Arthropoda	Insecta	Lepidoptera	Noctuidae	Spodoptera	Spodoptera_Exigua	Herbivore	V3-V4	7	39.2239	117.1354	2019		34.58333333	-6.3	32.9	13.99166667	39.93333333	15745752.17	3.01	111.3333333	Land	https://aquastat.fao.org/climate-information-tool/complete-climate-data?lat=39.2239299&lon=117.13544&year=2019&datasource=agera5	Sampling from 5 provinces in Northeast China	Y				V3-V4	DW	Asia
Muturi1	Muturi_et_al_2018	https://academic.oup.com/femsec/article/95/1/fiy213/5144212	Yellow Fever Mosquito	Arthropoda	Insecta	Diptera	Culicidae	Aedes	Aedes_Aegypti	Herbivore	V3-V4	19	38.4455	-121.8233	2018	N	37.0	5.0	37.0	17.95	34.21666667	19031434.75	2.49	128.3333333	Land	https://aquastat.fao.org/climate-information-tool/complete-climate-data?lat=38.4454641&lon=-121.8232958&year=2018&datasource=agera5		Y	Samples bred in captivity	Y		V3-V4	DW	North America
Muturi2	Muturi_et_al_2018	https://academic.oup.com/femsec/article/95/1/fiy213/5144212	Yellow Fever Mosquito	Arthropoda	Insecta	Diptera	Culicidae	Aedes	Aedes_Aegypti	Herbivore	V3-V4	19	38.4455	-121.8233	2018	N	37.0	5.0	37.0	17.95	34.21666667	19031434.75	2.49	128.3333333	Land	https://aquastat.fao.org/climate-information-tool/complete-climate-data?lat=38.4454641&lon=-121.8232958&year=2018&datasource=agera5		Y	Samples bred in captivity	Y		V3-V4	DW	North America
Muturi3	Muturi_et_al_2018	https://academic.oup.com/femsec/article/95/1/fiy213/5144212	Yellow Fever Mosquito	Arthropoda	Insecta	Diptera	Culicidae	Aedes	Aedes_Aegypti	Herbivore	V3-V4	19	38.4455	-121.8233	2018	N	37.0	5.0	37.0	17.95	34.21666667	19031434.75	2.49	128.3333333	Land	https://aquastat.fao.org/climate-information-tool/complete-climate-data?lat=38.4454641&lon=-121.8232958&year=2018&datasource=agera5		Y	Samples bred in captivity	Y		V3-V4	DW	North America
Muturi4	Muturi_et_al_2018	https://academic.oup.com/femsec/article/95/1/fiy213/5144212	Yellow Fever Mosquito	Arthropoda	Insecta	Diptera	Culicidae	Aedes	Aedes_Aegypti	Herbivore	V3-V4	19	38.4455	-121.8233	2018	N	37.0	5.0	37.0	17.95	34.21666667	19031434.75	2.49	128.3333333	Land	https://aquastat.fao.org/climate-information-tool/complete-climate-data?lat=38.4454641&lon=-121.8232958&year=2018&datasource=agera5		Y	Samples bred in captivity	Y		V3-V4	DW	North America
Muturi5	Muturi_et_al_2018	https://academic.oup.com/femsec/article/95/1/fiy213/5144212	Yellow Fever Mosquito	Arthropoda	Insecta	Diptera	Culicidae	Aedes	Aedes_Aegypti	Herbivore	V3-V4	19	38.4455	-121.8233	2018	N	37.0	5.0	37.0	17.95	34.21666667	19031434.75	2.49	128.3333333	Land	https://aquastat.fao.org/climate-information-tool/complete-climate-data?lat=38.4454641&lon=-121.8232958&year=2018&datasource=agera5		Y	Samples bred in captivity	Y		V3-V4	DW	North America
Chen-Eel1	Chen_et_al_2019	https://peerj.com/articles/8176/#supp-1	Swamp Eel	Chordata	Actinopterygii	Synbranchiformes	Synbranchidae	Monopterus	Monopterus_Albus	Carnivore	V3-V4	35	28.4219	116.4126	2019	N	154.1666667	4.1	34.4	19.18333333	70.59166667	13336160.92	3.1	94.25	Water	https://aquastat.fao.org/climate-information-tool/complete-climate-data?lat=28.4219&lon=116.4126&year=2019&datasource=agera5	Samples captive for 8 weeks	Y				V3-V4	ES	Asia
Chen-Eel2	Chen_et_al_2019	https://peerj.com/articles/8176/#supp-1	Swamp Eel	Chordata	Actinopterygii	Synbranchiformes	Synbranchidae	Monopterus	Monopterus_Albus	Carnivore	V3-V4	35	28.4219	116.4126	2019	N	154.1666667	4.1	34.4	19.18333333	70.59166667	13336160.92	3.1	94.25	Water	https://aquastat.fao.org/climate-information-tool/complete-climate-data?lat=28.4219&lon=116.4126&year=2019&datasource=agera5	Samples captive for 8 weeks	Y				V3-V4	ES	Asia
Chen-Eel3	Chen_et_al_2019	https://peerj.com/articles/8176/#supp-1	Swamp Eel	Chordata	Actinopterygii	Synbranchiformes	Synbranchidae	Monopterus	Monopterus_Albus	Carnivore	V3-V4	35	28.4219	116.4126	2019	N	154.1666667	4.1	34.4	19.18333333	70.59166667	13336160.92	3.1	94.25	Water	https://aquastat.fao.org/climate-information-tool/complete-climate-data?lat=28.4219&lon=116.4126&year=2019&datasource=agera5	Samples captive for 8 weeks	Y				V3-V4	ES	Asia
Chen-Eel4	Chen_et_al_2019	https://peerj.com/articles/8176/#supp-1	Swamp Eel	Chordata	Actinopterygii	Synbranchiformes	Synbranchidae	Monopterus	Monopterus_Albus	Carnivore	V3-V4	35	28.4219	116.4126	2019	N	154.1666667	4.1	34.4	19.18333333	70.59166667	13336160.92	3.1	94.25	Water	https://aquastat.fao.org/climate-information-tool/complete-climate-data?lat=28.4219&lon=116.4126&year=2019&datasource=agera5	Samples captive for 8 weeks	Y				V3-V4	ES	Asia
Chen-Eel5	Chen_et_al_2019	https://peerj.com/articles/8176/#supp-1	Swamp Eel	Chordata	Actinopterygii	Synbranchiformes	Synbranchidae	Monopterus	Monopterus_Albus	Carnivore	V3-V4	35	28.4219	116.4126	2019	N	154.1666667	4.1	34.4	19.18333333	70.59166667	13336160.92	3.1	94.25	Water	https://aquastat.fao.org/climate-information-tool/complete-climate-data?lat=28.4219&lon=116.4126&year=2019&datasource=agera5	Samples captive for 8 weeks	Y				V3-V4	ES	Asia
Chen-1	Chen_et_al_2019	https://peerj.com/articles/8176/#supp-1	Swamp Eel	Chordata	Actinopterygii	Synbranchiformes	Synbranchidae	Monopterus	Monopterus_Albus	Carnivore	V3-V4	35	28.4219	116.4126	2019	N	154.1666667	4.1	34.4	19.18333333	70.59166667	13336160.92	3.1	94.25	Water	https://aquastat.fao.org/climate-information-tool/complete-climate-data?lat=28.4219&lon=116.4126&year=2019&datasource=agera5	Samples captive for 8 weeks	Y				V3-V4	ES	Asia
Chen-2	Chen_et_al_2019	https://peerj.com/articles/8176/#supp-1	Swamp Eel	Chordata	Actinopterygii	Synbranchiformes	Synbranchidae	Monopterus	Monopterus_Albus	Carnivore	V3-V4	35	28.4219	116.4126	2019	N	154.1666667	4.1	34.4	19.18333333	70.59166667	13336160.92	3.1	94.25	Water	https://aquastat.fao.org/climate-information-tool/complete-climate-data?lat=28.4219&lon=116.4126&year=2019&datasource=agera5	Samples captive for 8 weeks	Y				V3-V4	ES	Asia
Chen-3	Chen_et_al_2019	https://peerj.com/articles/8176/#supp-1	Swamp Eel	Chordata	Actinopterygii	Synbranchiformes	Synbranchidae	Monopterus	Monopterus_Albus	Carnivore	V3-V4	35	28.4219	116.4126	2019	N	154.1666667	4.1	34.4	19.18333333	70.59166667	13336160.92	3.1	94.25	Water	https://aquastat.fao.org/climate-information-tool/complete-climate-data?lat=28.4219&lon=116.4126&year=2019&datasource=agera5	Samples captive for 8 weeks	Y				V3-V4	ES	Asia
Chen-4	Chen_et_al_2019	https://peerj.com/articles/8176/#supp-1	Swamp Eel	Chordata	Actinopterygii	Synbranchiformes	Synbranchidae	Monopterus	Monopterus_Albus	Carnivore	V3-V4	35	28.4219	116.4126	2019	N	154.1666667	4.1	34.4	19.18333333	70.59166667	13336160.92	3.1	94.25	Water	https://aquastat.fao.org/climate-information-tool/complete-climate-data?lat=28.4219&lon=116.4126&year=2019&datasource=agera5	Samples captive for 8 weeks	Y				V3-V4	ES	Asia
Chen-5	Chen_et_al_2019	https://peerj.com/articles/8176/#supp-1	Swamp Eel	Chordata	Actinopterygii	Synbranchiformes	Synbranchidae	Monopterus	Monopterus_Albus	Carnivore	V3-V4	35	28.4219	116.4126	2019	N	154.1666667	4.1	34.4	19.18333333	70.59166667	13336160.92	3.1	94.25	Water	https://aquastat.fao.org/climate-information-tool/complete-climate-data?lat=28.4219&lon=116.4126&year=2019&datasource=agera5	Samples captive for 8 weeks	Y				V3-V4	ES	Asia
okamoto-1	Okamoto_et_al_2021	https://link.springer.com/article/10.1007/s00203-021-02526-w	Eurasian Otter	Chordata	Mammalia	Carnivora	Mustelidae	Lutra	Lutra_Lutra	Carnivore	V3-V4	259	38.0979	127.8421	2019		75.41666667	-6.9	27.9	10.90833333	53.30833333	14943054.5	1.79	73.66666667	Water	https://aquastat.fao.org/climate-information-tool/complete-climate-data?lat=38.097949&lon=127.842111&year=2019&datasource=agera5		Y	Most samples bred in captivity	Y	Chanelcatfish_locklandsalmon_kittenmilkreplacerforinfants	V3-V4	ES	Asia
okamoto-2	Okamoto_et_al_2021	https://link.springer.com/article/10.1007/s00203-021-02526-w	Eurasian Otter	Chordata	Mammalia	Carnivora	Mustelidae	Lutra	Lutra_Lutra	Carnivore	V3-V4	259	38.0979	127.8421	2019		75.41666667	-6.9	27.9	10.90833333	53.30833333	14943054.5	1.79	73.66666667	Water	https://aquastat.fao.org/climate-information-tool/complete-climate-data?lat=38.097949&lon=127.842111&year=2019&datasource=agera5		Y	Most samples bred in captivity	Y	Chanelcatfish_locklandsalmon_kittenmilkreplacerforinfants	V3-V4	ES	Asia
okamoto-3	Okamoto_et_al_2021	https://link.springer.com/article/10.1007/s00203-021-02526-w	Eurasian Otter	Chordata	Mammalia	Carnivora	Mustelidae	Lutra	Lutra_Lutra	Carnivore	V3-V4	259	38.0979	127.8421	2019		75.41666667	-6.9	27.9	10.90833333	53.30833333	14943054.5	1.79	73.66666667	Water	https://aquastat.fao.org/climate-information-tool/complete-climate-data?lat=38.097949&lon=127.842111&year=2019&datasource=agera5		Y	Most samples bred in captivity	Y	Chanelcatfish_locklandsalmon_kittenmilkreplacerforinfants	V3-V4	ES	Asia
okamoto-4	Okamoto_et_al_2021	https://link.springer.com/article/10.1007/s00203-021-02526-w	Eurasian Otter	Chordata	Mammalia	Carnivora	Mustelidae	Lutra	Lutra_Lutra	Carnivore	V3-V4	259	38.0979	127.8421	2019		75.41666667	-6.9	27.9	10.90833333	53.30833333	14943054.5	1.79	73.66666667	Water	https://aquastat.fao.org/climate-information-tool/complete-climate-data?lat=38.097949&lon=127.842111&year=2019&datasource=agera5		Y	Most samples bred in captivity	Y	Chanelcatfish_locklandsalmon_kittenmilkreplacerforinfants	V3-V4	ES	Asia
okamoto-5	Okamoto_et_al_2021	https://link.springer.com/article/10.1007/s00203-021-02526-w	Eurasian Otter	Chordata	Mammalia	Carnivora	Mustelidae	Lutra	Lutra_Lutra	Carnivore	V3-V4	259	38.0979	127.8421	2019		75.41666667	-6.9	27.9	10.90833333	53.30833333	14943054.5	1.79	73.66666667	Water	https://aquastat.fao.org/climate-information-tool/complete-climate-data?lat=38.097949&lon=127.842111&year=2019&datasource=agera5		Y	Most samples bred in captivity	Y	Chanelcatfish_locklandsalmon_kittenmilkreplacerforinfants	V3-V4	ES	Asia
wei1	Wei_et_al_2019	https://bmcgenomics.biomedcentral.com/articles/10.1186/s12864-019-6219-7	Mud Crab	Arthropoda	Malacostraca	Decapoda	Portunidae	Scylla	Scylla_Paramamosain	Omnivore	V3-V4	19	24.5135	117.6473	2017		114.6666667	9.5	33.7	22.525	64.33333333	15171409.67	1.42	96.75	Water	https://aquastat.fao.org/climate-information-tool/complete-climate-data?lat=24.5134699&lon=117.64725&year=2017&datasource=agera5	Samples from many locations along Chinese southern coast	Y				V3-V4	NS	Asia
wei2	Wei_et_al_2019	https://bmcgenomics.biomedcentral.com/articles/10.1186/s12864-019-6219-7	Mud Crab	Arthropoda	Malacostraca	Decapoda	Portunidae	Scylla	Scylla_Paramamosain	Omnivore	V3-V4	19	24.5135	117.6473	2017		114.6666667	9.5	33.7	22.525	64.33333333	15171409.67	1.42	96.75	Water	https://aquastat.fao.org/climate-information-tool/complete-climate-data?lat=24.5134699&lon=117.64725&year=2017&datasource=agera5	Samples from many locations along Chinese southern coast	Y				V3-V4	NS	Asia
wei3	Wei_et_al_2019	https://bmcgenomics.biomedcentral.com/articles/10.1186/s12864-019-6219-7	Mud Crab	Arthropoda	Malacostraca	Decapoda	Portunidae	Scylla	Scylla_Paramamosain	Omnivore	V3-V4	19	24.5135	117.6473	2017		114.6666667	9.5	33.7	22.525	64.33333333	15171409.67	1.42	96.75	Water	https://aquastat.fao.org/climate-information-tool/complete-climate-data?lat=24.5134699&lon=117.64725&year=2017&datasource=agera5	Samples from many locations along Chinese southern coast	Y				V3-V4	NS	Asia
wei4	Wei_et_al_2019	https://bmcgenomics.biomedcentral.com/articles/10.1186/s12864-019-6219-7	Mud Crab	Arthropoda	Malacostraca	Decapoda	Portunidae	Scylla	Scylla_Paramamosain	Omnivore	V3-V4	19	24.5135	117.6473	2017		114.6666667	9.5	33.7	22.525	64.33333333	15171409.67	1.42	96.75	Water	https://aquastat.fao.org/climate-information-tool/complete-climate-data?lat=24.5134699&lon=117.64725&year=2017&datasource=agera5	Samples from many locations along Chinese southern coast	Y				V3-V4	NS	Asia
wei5	Wei_et_al_2019	https://bmcgenomics.biomedcentral.com/articles/10.1186/s12864-019-6219-7	Mud Crab	Arthropoda	Malacostraca	Decapoda	Portunidae	Scylla	Scylla_Paramamosain	Omnivore	V3-V4	19	24.5135	117.6473	2017		114.6666667	9.5	33.7	22.525	64.33333333	15171409.67	1.42	96.75	Water	https://aquastat.fao.org/climate-information-tool/complete-climate-data?lat=24.5134699&lon=117.64725&year=2017&datasource=agera5	Samples from many locations along Chinese southern coast	Y				V3-V4	NS	Asia
Wei-Scylla-Paramamosain1	Wei_et_al_2019	https://bmcgenomics.biomedcentral.com/articles/10.1186/s12864-019-6219-7	Mud Crab	Arthropoda	Malacostraca	Decapoda	Portunidae	Scylla	Scylla_Paramamosain	Omnivore	V3-V4	19	24.5135	117.6473	2017		114.6666667	9.5	33.7	22.525	64.33333333	15171409.67	1.42	96.75	Water	https://aquastat.fao.org/climate-information-tool/complete-climate-data?lat=24.5134699&lon=117.64725&year=2017&datasource=agera5	Samples from many locations along Chinese southern coast	Y				V3-V4	NS	Asia
Wei-Scylla-Paramamosain2	Wei_et_al_2019	https://bmcgenomics.biomedcentral.com/articles/10.1186/s12864-019-6219-7	Mud Crab	Arthropoda	Malacostraca	Decapoda	Portunidae	Scylla	Scylla_Paramamosain	Omnivore	V3-V4	19	24.5135	117.6473	2017		114.6666667	9.5	33.7	22.525	64.33333333	15171409.67	1.42	96.75	Water	https://aquastat.fao.org/climate-information-tool/complete-climate-data?lat=24.5134699&lon=117.64725&year=2017&datasource=agera5	Samples from many locations along Chinese southern coast	Y				V3-V4	NS	Asia
Wei-Scylla-Paramamosain3	Wei_et_al_2019	https://bmcgenomics.biomedcentral.com/articles/10.1186/s12864-019-6219-7	Mud Crab	Arthropoda	Malacostraca	Decapoda	Portunidae	Scylla	Scylla_Paramamosain	Omnivore	V3-V4	19	24.5135	117.6473	2017		114.6666667	9.5	33.7	22.525	64.33333333	15171409.67	1.42	96.75	Water	https://aquastat.fao.org/climate-information-tool/complete-climate-data?lat=24.5134699&lon=117.64725&year=2017&datasource=agera5	Samples from many locations along Chinese southern coast	Y				V3-V4	NS	Asia
Wei-Scylla-Paramamosain4	Wei_et_al_2019	https://bmcgenomics.biomedcentral.com/articles/10.1186/s12864-019-6219-7	Mud Crab	Arthropoda	Malacostraca	Decapoda	Portunidae	Scylla	Scylla_Paramamosain	Omnivore	V3-V4	19	24.5135	117.6473	2017		114.6666667	9.5	33.7	22.525	64.33333333	15171409.67	1.42	96.75	Water	https://aquastat.fao.org/climate-information-tool/complete-climate-data?lat=24.5134699&lon=117.64725&year=2017&datasource=agera5	Samples from many locations along Chinese southern coast	Y				V3-V4	NS	Asia
Wei-Scylla-Paramamosain5	Wei_et_al_2019	https://bmcgenomics.biomedcentral.com/articles/10.1186/s12864-019-6219-7	Mud Crab	Arthropoda	Malacostraca	Decapoda	Portunidae	Scylla	Scylla_Paramamosain	Omnivore	V3-V4	19	24.5135	117.6473	2017		114.6666667	9.5	33.7	22.525	64.33333333	15171409.67	1.42	96.75	Water	https://aquastat.fao.org/climate-information-tool/complete-climate-data?lat=24.5134699&lon=117.64725&year=2017&datasource=agera5	Samples from many locations along Chinese southern coast	Y				V3-V4	NS	Asia
Serrano1	Serrano_et_al_2020	https://link.springer.com/article/10.1007/s00248-019-01460-1	Lily Borer Moth	Arthropoda	Insecta	Lepidoptera	Noctuidae	Brithys	Brithys_Crini	Herbivore	V3-V4	1	39.3491	-0.3114	2016		38.75	8.3	29.8	18.31666667	49.9	16797085.5	2.98	111.5	Land	https://aquastat.fao.org/climate-information-tool/complete-climate-data?lat=39.3491455&lon=-0.3114013&year=2016&datasource=agera5		Y	Samples collected as eggs, raised in lab	Y		V3-V4	EO	Europe
Serrano2	Serrano_et_al_2020	https://link.springer.com/article/10.1007/s00248-019-01460-1	Lily Borer Moth	Arthropoda	Insecta	Lepidoptera	Noctuidae	Brithys	Brithys_Crini	Herbivore	V3-V4	1	39.3491	-0.3114	2016		38.75	8.3	29.8	18.31666667	49.9	16797085.5	2.98	111.5	Land	https://aquastat.fao.org/climate-information-tool/complete-climate-data?lat=39.3491455&lon=-0.3114013&year=2016&datasource=agera5		Y	Samples collected as eggs, raised in lab	Y		V3-V4	EO	Europe
Serrano3	Serrano_et_al_2020	https://link.springer.com/article/10.1007/s00248-019-01460-1	Lily Borer Moth	Arthropoda	Insecta	Lepidoptera	Noctuidae	Brithys	Brithys_Crini	Herbivore	V3-V4	1	39.3491	-0.3114	2016		38.75	8.3	29.8	18.31666667	49.9	16797085.5	2.98	111.5	Land	https://aquastat.fao.org/climate-information-tool/complete-climate-data?lat=39.3491455&lon=-0.3114013&year=2016&datasource=agera5		Y	Samples collected as eggs, raised in lab	Y		V3-V4	EO	Europe
Serrano4	Serrano_et_al_2020	https://link.springer.com/article/10.1007/s00248-019-01460-1	Lily Borer Moth	Arthropoda	Insecta	Lepidoptera	Noctuidae	Brithys	Brithys_Crini	Herbivore	V3-V4	1	39.3491	-0.3114	2016		38.75	8.3	29.8	18.31666667	49.9	16797085.5	2.98	111.5	Land	https://aquastat.fao.org/climate-information-tool/complete-climate-data?lat=39.3491455&lon=-0.3114013&year=2016&datasource=agera5		Y	Samples collected as eggs, raised in lab	Y		V3-V4	EO	Europe
Serrano5	Serrano_et_al_2020	https://link.springer.com/article/10.1007/s00248-019-01460-1	Lily Borer Moth	Arthropoda	Insecta	Lepidoptera	Noctuidae	Brithys	Brithys_Crini	Herbivore	V3-V4	1	39.3491	-0.3114	2016		38.75	8.3	29.8	18.31666667	49.9	16797085.5	2.98	111.5	Land	https://aquastat.fao.org/climate-information-tool/complete-climate-data?lat=39.3491455&lon=-0.3114013&year=2016&datasource=agera5		Y	Samples collected as eggs, raised in lab	Y		V3-V4	EO	Europe
Liu-Tachypleus-tridentatus1	Liu_et_al_2021	https://www.frontiersin.org/articles/10.3389/fphys.2021.813582/full	Juvenile Horseshoe Crab	Arthropoda	Merostomata	Xiphosurida	Limulidae	Tachypleus	Tachypleus_Tridentatus	Omnivore	V3-V4	22	21.4811	109.1201	2022	N	188.5833333	11.2	30.5	23.41666667	71.34166667	16031257.17	4.12	112.3333333	Water	https://aquastat.fao.org/climate-information-tool/complete-climate-data?lat=21.4811199&lon=109.12008&year=2022&datasource=agera5		Y	Samples artificially bred	Y		V3-V4	EK	Asia
Liu-Tachypleus-tridentatus2	Liu_et_al_2021	https://www.frontiersin.org/articles/10.3389/fphys.2021.813582/full	Juvenile Horseshoe Crab	Arthropoda	Merostomata	Xiphosurida	Limulidae	Tachypleus	Tachypleus_Tridentatus	Omnivore	V3-V4	22	21.4811	109.1201	2022	N	188.5833333	11.2	30.5	23.41666667	71.34166667	16031257.17	4.12	112.3333333	Water	https://aquastat.fao.org/climate-information-tool/complete-climate-data?lat=21.4811199&lon=109.12008&year=2022&datasource=agera5		Y	Samples artificially bred	Y		V3-V4	EK	Asia
Liu-Tachypleus-tridentatus3	Liu_et_al_2021	https://www.frontiersin.org/articles/10.3389/fphys.2021.813582/full	Juvenile Horseshoe Crab	Arthropoda	Merostomata	Xiphosurida	Limulidae	Tachypleus	Tachypleus_Tridentatus	Omnivore	V3-V4	22	21.4811	109.1201	2022	N	188.5833333	11.2	30.5	23.41666667	71.34166667	16031257.17	4.12	112.3333333	Water	https://aquastat.fao.org/climate-information-tool/complete-climate-data?lat=21.4811199&lon=109.12008&year=2022&datasource=agera5		Y	Samples artificially bred	Y		V3-V4	EK	Asia
Liu-Tachypleus-tridentatus4	Liu_et_al_2021	https://www.frontiersin.org/articles/10.3389/fphys.2021.813582/full	Juvenile Horseshoe Crab	Arthropoda	Merostomata	Xiphosurida	Limulidae	Tachypleus	Tachypleus_Tridentatus	Omnivore	V3-V4	22	21.4811	109.1201	2022	N	188.5833333	11.2	30.5	23.41666667	71.34166667	16031257.17	4.12	112.3333333	Water	https://aquastat.fao.org/climate-information-tool/complete-climate-data?lat=21.4811199&lon=109.12008&year=2022&datasource=agera5		Y	Samples artificially bred	Y		V3-V4	EK	Asia
Liu-Tachypleus-tridentatus5	Liu_et_al_2021	https://www.frontiersin.org/articles/10.3389/fphys.2021.813582/full	Juvenile Horseshoe Crab	Arthropoda	Merostomata	Xiphosurida	Limulidae	Tachypleus	Tachypleus_Tridentatus	Omnivore	V3-V4	22	21.4811	109.1201	2022	N	188.5833333	11.2	30.5	23.41666667	71.34166667	16031257.17	4.12	112.3333333	Water	https://aquastat.fao.org/climate-information-tool/complete-climate-data?lat=21.4811199&lon=109.12008&year=2022&datasource=agera5		Y	Samples artificially bred	Y		V3-V4	EK	Asia
keiz1	Keiz_et_al_2023	https://www.ncbi.nlm.nih.gov/pmc/articles/PMC9863972/	Brown trout	Chordata	Actinopterygii	Salmoniformes	Salmonidae	Salmo	Salmo_Trutta	Carnivore	V3-V4	605	48.0	11.339	2020		87.25	-2.2	23.4	9.858333333	62.56666667	12142546.08	2.62	62.41666667	Water	https://aquastat.fao.org/climate-information-tool/complete-climate-data?lat=47.9999615&lon=11.3390089&year=2020&datasource=agera5		Y	Samples bred in captivity	Y		V3-V4	AS	Europe
keiz2	Keiz_et_al_2023	https://www.ncbi.nlm.nih.gov/pmc/articles/PMC9863972/	Brown trout	Chordata	Actinopterygii	Salmoniformes	Salmonidae	Salmo	Salmo_Trutta	Carnivore	V3-V4	605	48.0	11.339	2020		87.25	-2.2	23.4	9.858333333	62.56666667	12142546.08	2.62	62.41666667	Water	https://aquastat.fao.org/climate-information-tool/complete-climate-data?lat=47.9999615&lon=11.3390089&year=2020&datasource=agera5		Y	Samples bred in captivity	Y		V3-V4	AS	Europe
keiz3	Keiz_et_al_2023	https://www.ncbi.nlm.nih.gov/pmc/articles/PMC9863972/	Brown trout	Chordata	Actinopterygii	Salmoniformes	Salmonidae	Salmo	Salmo_Trutta	Carnivore	V3-V4	605	48.0	11.339	2020		87.25	-2.2	23.4	9.858333333	62.56666667	12142546.08	2.62	62.41666667	Water	https://aquastat.fao.org/climate-information-tool/complete-climate-data?lat=47.9999615&lon=11.3390089&year=2020&datasource=agera5		Y	Samples bred in captivity	Y		V3-V4	AS	Europe
keiz4	Keiz_et_al_2023	https://www.ncbi.nlm.nih.gov/pmc/articles/PMC9863972/	Brown trout	Chordata	Actinopterygii	Salmoniformes	Salmonidae	Salmo	Salmo_Trutta	Carnivore	V3-V4	605	48.0	11.339	2020		87.25	-2.2	23.4	9.858333333	62.56666667	12142546.08	2.62	62.41666667	Water	https://aquastat.fao.org/climate-information-tool/complete-climate-data?lat=47.9999615&lon=11.3390089&year=2020&datasource=agera5		Y	Samples bred in captivity	Y		V3-V4	AS	Europe
keiz5	Keiz_et_al_2023	https://www.ncbi.nlm.nih.gov/pmc/articles/PMC9863972/	Brown trout	Chordata	Actinopterygii	Salmoniformes	Salmonidae	Salmo	Salmo_Trutta	Carnivore	V3-V4	605	48.0	11.339	2020		87.25	-2.2	23.4	9.858333333	62.56666667	12142546.08	2.62	62.41666667	Water	https://aquastat.fao.org/climate-information-tool/complete-climate-data?lat=47.9999615&lon=11.3390089&year=2020&datasource=agera5		Y	Samples bred in captivity	Y		V3-V4	AS	Europe
Wiebler1	Wiebler_et_al_2018	https://royalsocietypublishing.org/doi/full/10.1098/rspb.2018.0241#d1e1623	Wood Frog	Chordata	Amphibia	Anura	Ranidae	Lithobates	Lithobates_Sylvaticus	Carnivore	V3-V4	276	39.5121	-84.7344	2018	N	128.6666667	-8.6	27.7	11.44166667	63.58333333	14144004.75	3.68	80.16666667	Water	https://aquastat.fao.org/climate-information-tool/complete-climate-data?lat=39.51214445664543&lon=-84.73436076785599&year=2018&datasource=agera5	Collected throughout southern Ohio	Y				V3-V4	DW	North America
Wiebler2	Wiebler_et_al_2018	https://royalsocietypublishing.org/doi/full/10.1098/rspb.2018.0241#d1e1623	Wood Frog	Chordata	Amphibia	Anura	Ranidae	Lithobates	Lithobates_Sylvaticus	Carnivore	V3-V4	276	39.5121	-84.7344	2018	N	128.6666667	-8.6	27.7	11.44166667	63.58333333	14144004.75	3.68	80.16666667	Water	https://aquastat.fao.org/climate-information-tool/complete-climate-data?lat=39.51214445664543&lon=-84.73436076785599&year=2018&datasource=agera5	Collected throughout southern Ohio	Y				V3-V4	DW	North America
Wiebler3	Wiebler_et_al_2018	https://royalsocietypublishing.org/doi/full/10.1098/rspb.2018.0241#d1e1623	Wood Frog	Chordata	Amphibia	Anura	Ranidae	Lithobates	Lithobates_Sylvaticus	Carnivore	V3-V4	276	39.5121	-84.7344	2018	N	128.6666667	-8.6	27.7	11.44166667	63.58333333	14144004.75	3.68	80.16666667	Water	https://aquastat.fao.org/climate-information-tool/complete-climate-data?lat=39.51214445664543&lon=-84.73436076785599&year=2018&datasource=agera5	Collected throughout southern Ohio	Y				V3-V4	DW	North America
Wiebler4	Wiebler_et_al_2018	https://royalsocietypublishing.org/doi/full/10.1098/rspb.2018.0241#d1e1623	Wood Frog	Chordata	Amphibia	Anura	Ranidae	Lithobates	Lithobates_Sylvaticus	Carnivore	V3-V4	276	39.5121	-84.7344	2018	N	128.6666667	-8.6	27.7	11.44166667	63.58333333	14144004.75	3.68	80.16666667	Water	https://aquastat.fao.org/climate-information-tool/complete-climate-data?lat=39.51214445664543&lon=-84.73436076785599&year=2018&datasource=agera5	Collected throughout southern Ohio	Y				V3-V4	DW	North America
Wiebler5	Wiebler_et_al_2018	https://royalsocietypublishing.org/doi/full/10.1098/rspb.2018.0241#d1e1623	Wood Frog	Chordata	Amphibia	Anura	Ranidae	Lithobates	Lithobates_Sylvaticus	Carnivore	V3-V4	276	39.5121	-84.7344	2018	N	128.6666667	-8.6	27.7	11.44166667	63.58333333	14144004.75	3.68	80.16666667	Water	https://aquastat.fao.org/climate-information-tool/complete-climate-data?lat=39.51214445664543&lon=-84.73436076785599&year=2018&datasource=agera5	Collected throughout southern Ohio	Y				V3-V4	DW	North America
gobet1	Gobet_et_al_2018	https://microbiomejournal.biomedcentral.com/articles/10.1186/s40168-018-0430-7	European Abalone	Mollusca	Gastropoda	Lepetellida	Haliotidae	Haliotis	Haliotis_Tuberculata	Herbivore	V3-V4	160	48.202	-2.9326	2012		75.91666667	0.9	21.0	10.33333333	72.03333333	11125443.58	3.98	55.75	Water	https://aquastat.fao.org/climate-information-tool/complete-climate-data?lat=48.2020471&lon=-2.9326435&year=2012&datasource=agera5		Y	Samples bred in captivity	Y		V3-V4	NS	Europe
gobet2	Gobet_et_al_2018	https://microbiomejournal.biomedcentral.com/articles/10.1186/s40168-018-0430-7	European Abalone	Mollusca	Gastropoda	Lepetellida	Haliotidae	Haliotis	Haliotis_Tuberculata	Herbivore	V3-V4	160	48.202	-2.9326	2012		75.91666667	0.9	21.0	10.33333333	72.03333333	11125443.58	3.98	55.75	Water	https://aquastat.fao.org/climate-information-tool/complete-climate-data?lat=48.2020471&lon=-2.9326435&year=2012&datasource=agera5		Y	Samples bred in captivity	Y		V3-V4	NS	Europe
gobet3	Gobet_et_al_2018	https://microbiomejournal.biomedcentral.com/articles/10.1186/s40168-018-0430-7	European Abalone	Mollusca	Gastropoda	Lepetellida	Haliotidae	Haliotis	Haliotis_Tuberculata	Herbivore	V3-V4	160	48.202	-2.9326	2012		75.91666667	0.9	21.0	10.33333333	72.03333333	11125443.58	3.98	55.75	Water	https://aquastat.fao.org/climate-information-tool/complete-climate-data?lat=48.2020471&lon=-2.9326435&year=2012&datasource=agera5		Y	Samples bred in captivity	Y		V3-V4	NS	Europe
gobet4	Gobet_et_al_2018	https://microbiomejournal.biomedcentral.com/articles/10.1186/s40168-018-0430-7	European Abalone	Mollusca	Gastropoda	Lepetellida	Haliotidae	Haliotis	Haliotis_Tuberculata	Herbivore	V3-V4	160	48.202	-2.9326	2012		75.91666667	0.9	21.0	10.33333333	72.03333333	11125443.58	3.98	55.75	Water	https://aquastat.fao.org/climate-information-tool/complete-climate-data?lat=48.2020471&lon=-2.9326435&year=2012&datasource=agera5		Y	Samples bred in captivity	Y		V3-V4	NS	Europe
gobet5	Gobet_et_al_2018	https://microbiomejournal.biomedcentral.com/articles/10.1186/s40168-018-0430-7	European Abalone	Mollusca	Gastropoda	Lepetellida	Haliotidae	Haliotis	Haliotis_Tuberculata	Herbivore	V3-V4	160	48.202	-2.9326	2012		75.91666667	0.9	21.0	10.33333333	72.03333333	11125443.58	3.98	55.75	Water	https://aquastat.fao.org/climate-information-tool/complete-climate-data?lat=48.2020471&lon=-2.9326435&year=2012&datasource=agera5		Y	Samples bred in captivity	Y		V3-V4	NS	Europe
sevellec1	Sevellec_et_al_2018	https://microbiomejournal.biomedcentral.com/articles/10.1186/s40168-018-0427-2	Lake Whitefish	Chordata	Actinopterygii	Salmoniformes	Salmonidae	Coregonus	Coregonus_Clupeaformis	Carnivore	V3-V4	295	46.3932	-69.2489	2013		91.08333333	-16.4	24.3	4.291666667	59.43333333	12273586.33	3.4	59.0	Water	https://aquastat.fao.org/climate-information-tool/complete-climate-data?lat=46.3931848&lon=-69.24889019999999&year=2013&datasource=agera5	Samples collected from 4 sites across Maine and Canada	Y			studysampledbothdwarfandregularwhitefish	V3-V4	AK	North America
sevellec2	Sevellec_et_al_2018	https://microbiomejournal.biomedcentral.com/articles/10.1186/s40168-018-0427-2	Lake Whitefish	Chordata	Actinopterygii	Salmoniformes	Salmonidae	Coregonus	Coregonus_Clupeaformis	Carnivore	V3-V4	295	46.3932	-69.2489	2013		91.08333333	-16.4	24.3	4.291666667	59.43333333	12273586.33	3.4	59.0	Water	https://aquastat.fao.org/climate-information-tool/complete-climate-data?lat=46.3931848&lon=-69.24889019999999&year=2013&datasource=agera5	Samples collected from 4 sites across Maine and Canada	Y			studysampledbothdwarfandregularwhitefish	V3-V4	AK	North America
sevellec3	Sevellec_et_al_2018	https://microbiomejournal.biomedcentral.com/articles/10.1186/s40168-018-0427-2	Lake Whitefish	Chordata	Actinopterygii	Salmoniformes	Salmonidae	Coregonus	Coregonus_Clupeaformis	Carnivore	V3-V4	295	46.3932	-69.2489	2013		91.08333333	-16.4	24.3	4.291666667	59.43333333	12273586.33	3.4	59.0	Water	https://aquastat.fao.org/climate-information-tool/complete-climate-data?lat=46.3931848&lon=-69.24889019999999&year=2013&datasource=agera5	Samples collected from 4 sites across Maine and Canada	Y			studysampledbothdwarfandregularwhitefish	V3-V4	AK	North America
sevellec4	Sevellec_et_al_2018	https://microbiomejournal.biomedcentral.com/articles/10.1186/s40168-018-0427-2	Lake Whitefish	Chordata	Actinopterygii	Salmoniformes	Salmonidae	Coregonus	Coregonus_Clupeaformis	Carnivore	V3-V4	295	46.3932	-69.2489	2013		91.08333333	-16.4	24.3	4.291666667	59.43333333	12273586.33	3.4	59.0	Water	https://aquastat.fao.org/climate-information-tool/complete-climate-data?lat=46.3931848&lon=-69.24889019999999&year=2013&datasource=agera5	Samples collected from 4 sites across Maine and Canada	Y			studysampledbothdwarfandregularwhitefish	V3-V4	AK	North America
sevellec5	Sevellec_et_al_2018	https://microbiomejournal.biomedcentral.com/articles/10.1186/s40168-018-0427-2	Lake Whitefish	Chordata	Actinopterygii	Salmoniformes	Salmonidae	Coregonus	Coregonus_Clupeaformis	Carnivore	V3-V4	295	46.3932	-69.2489	2013		91.08333333	-16.4	24.3	4.291666667	59.43333333	12273586.33	3.4	59.0	Water	https://aquastat.fao.org/climate-information-tool/complete-climate-data?lat=46.3931848&lon=-69.24889019999999&year=2013&datasource=agera5	Samples collected from 4 sites across Maine and Canada	Y			studysampledbothdwarfandregularwhitefish	V3-V4	AK	North America
Ojha1	Ojha_et_al_2017	https://www.nature.com/articles/s41598-017-09791-0	Rice Gall Midge	Arthropoda	Insecta	Diptera	Cecidomyiidae	Orseolia	Orseolia_Oryzae	Herbivore	V3-V4	536	17.3201	78.3939	2017	N	84.16666667	15.5	37.8	25.925	47.625	19157371.67	2.78	145.0	Land	https://aquastat.fao.org/climate-information-tool/complete-climate-data?lat=17.3200642&lon=78.3939193&year=2017&datasource=agera5		Y	Samples bred in captivity	Y		V3-V4	DW	Asia
Ojha2	Ojha_et_al_2017	https://www.nature.com/articles/s41598-017-09791-0	Rice Gall Midge	Arthropoda	Insecta	Diptera	Cecidomyiidae	Orseolia	Orseolia_Oryzae	Herbivore	V3-V4	536	17.3201	78.3939	2017	N	84.16666667	15.5	37.8	25.925	47.625	19157371.67	2.78	145.0	Land	https://aquastat.fao.org/climate-information-tool/complete-climate-data?lat=17.3200642&lon=78.3939193&year=2017&datasource=agera5		Y	Samples bred in captivity	Y		V3-V4	DW	Asia
Ojha3	Ojha_et_al_2017	https://www.nature.com/articles/s41598-017-09791-0	Rice Gall Midge	Arthropoda	Insecta	Diptera	Cecidomyiidae	Orseolia	Orseolia_Oryzae	Herbivore	V3-V4	536	17.3201	78.3939	2017	N	84.16666667	15.5	37.8	25.925	47.625	19157371.67	2.78	145.0	Land	https://aquastat.fao.org/climate-information-tool/complete-climate-data?lat=17.3200642&lon=78.3939193&year=2017&datasource=agera5		Y	Samples bred in captivity	Y		V3-V4	DW	Asia
Ojha4	Ojha_et_al_2017	https://www.nature.com/articles/s41598-017-09791-0	Rice Gall Midge	Arthropoda	Insecta	Diptera	Cecidomyiidae	Orseolia	Orseolia_Oryzae	Herbivore	V3-V4	536	17.3201	78.3939	2017	N	84.16666667	15.5	37.8	25.925	47.625	19157371.67	2.78	145.0	Land	https://aquastat.fao.org/climate-information-tool/complete-climate-data?lat=17.3200642&lon=78.3939193&year=2017&datasource=agera5		Y	Samples bred in captivity	Y		V3-V4	DW	Asia
Ojha5	Ojha_et_al_2017	https://www.nature.com/articles/s41598-017-09791-0	Rice Gall Midge	Arthropoda	Insecta	Diptera	Cecidomyiidae	Orseolia	Orseolia_Oryzae	Herbivore	V3-V4	536	17.3201	78.3939	2017	N	84.16666667	15.5	37.8	25.925	47.625	19157371.67	2.78	145.0	Land	https://aquastat.fao.org/climate-information-tool/complete-climate-data?lat=17.3200642&lon=78.3939193&year=2017&datasource=agera5		Y	Samples bred in captivity	Y		V3-V4	DW	Asia
Kaczmarczyk1	Kaczmarczyk_et_al_2018	https://www.nature.com/articles/s41598-018-32747-x#data-availability	Fungivorous Thrips (Hoplothrips carpathicus)	Arthropoda	Insecta	Thysanoptera	Phlaeothripidae	Hoplothrips	Hoplothrips_Carpathicus	Herbivore	V3-V4	182	51.2465	22.5684	2017		71.91666667	-9.1	24.7	8.908333333	71.03333333	10629118.25	3.71	61.91666667	Land	https://aquastat.fao.org/climate-information-tool/complete-climate-data?lat=51.2464536&lon=22.5684463&year=2017&datasource=agera5		Y	Samples bred in captivity	Y		V3-V4	DW	Europe
Kaczmarczyk2	Kaczmarczyk_et_al_2018	https://www.nature.com/articles/s41598-018-32747-x#data-availability	Fungivorous Thrips (Hoplothrips carpathicus)	Arthropoda	Insecta	Thysanoptera	Phlaeothripidae	Hoplothrips	Hoplothrips_Carpathicus	Herbivore	V3-V4	182	51.2465	22.5684	2017		71.91666667	-9.1	24.7	8.908333333	71.03333333	10629118.25	3.71	61.91666667	Land	https://aquastat.fao.org/climate-information-tool/complete-climate-data?lat=51.2464536&lon=22.5684463&year=2017&datasource=agera5		Y	Samples bred in captivity	Y		V3-V4	DW	Europe
Kaczmarczyk3	Kaczmarczyk_et_al_2018	https://www.nature.com/articles/s41598-018-32747-x#data-availability	Fungivorous Thrips (Hoplothrips carpathicus)	Arthropoda	Insecta	Thysanoptera	Phlaeothripidae	Hoplothrips	Hoplothrips_Carpathicus	Herbivore	V3-V4	182	51.2465	22.5684	2017		71.91666667	-9.1	24.7	8.908333333	71.03333333	10629118.25	3.71	61.91666667	Land	https://aquastat.fao.org/climate-information-tool/complete-climate-data?lat=51.2464536&lon=22.5684463&year=2017&datasource=agera5		Y	Samples bred in captivity	Y		V3-V4	DW	Europe
Kaczmarczyk4	Kaczmarczyk_et_al_2018	https://www.nature.com/articles/s41598-018-32747-x#data-availability	Fungivorous Thrips (Hoplothrips carpathicus)	Arthropoda	Insecta	Thysanoptera	Phlaeothripidae	Hoplothrips	Hoplothrips_Carpathicus	Herbivore	V3-V4	182	51.2465	22.5684	2017		71.91666667	-9.1	24.7	8.908333333	71.03333333	10629118.25	3.71	61.91666667	Land	https://aquastat.fao.org/climate-information-tool/complete-climate-data?lat=51.2464536&lon=22.5684463&year=2017&datasource=agera5		Y	Samples bred in captivity	Y		V3-V4	DW	Europe
Kaczmarczyk5	Kaczmarczyk_et_al_2018	https://www.nature.com/articles/s41598-018-32747-x#data-availability	Fungivorous Thrips (Hoplothrips carpathicus)	Arthropoda	Insecta	Thysanoptera	Phlaeothripidae	Hoplothrips	Hoplothrips_Carpathicus	Herbivore	V3-V4	182	51.2465	22.5684	2017		71.91666667	-9.1	24.7	8.908333333	71.03333333	10629118.25	3.71	61.91666667	Land	https://aquastat.fao.org/climate-information-tool/complete-climate-data?lat=51.2464536&lon=22.5684463&year=2017&datasource=agera5		Y	Samples bred in captivity	Y		V3-V4	DW	Europe
Cini1	Cini_et_al_2020	https://www.sciencedirect.com/science/article/pii/S0048969720344028	Asian Hornet	Arthropoda	Insecta	Hymenoptera	Vespidae	Vespa	Vespa_velutina	Omnivore	V3-V4	54	43.8622	7.8539	2016		90.41666667	2.6	25.6	13.24166667	60.76666667	15160058.75	1.74	74.0	Land	https://aquastat.fao.org/climate-information-tool/complete-climate-data?lat=43.862222&lon=7.853889&year=2016&datasource=agera5	Samples from 4 nests relatively close in proximity	Y				V3-V4	DW	Europe
Cini2	Cini_et_al_2020	https://www.sciencedirect.com/science/article/pii/S0048969720344028	Asian Hornet	Arthropoda	Insecta	Hymenoptera	Vespidae	Vespa	Vespa_velutina	Omnivore	V3-V4	54	43.8622	7.8539	2016		90.41666667	2.6	25.6	13.24166667	60.76666667	15160058.75	1.74	74.0	Land	https://aquastat.fao.org/climate-information-tool/complete-climate-data?lat=43.862222&lon=7.853889&year=2016&datasource=agera5	Samples from 4 nests relatively close in proximity	Y				V3-V4	DW	Europe
Cini3	Cini_et_al_2020	https://www.sciencedirect.com/science/article/pii/S0048969720344028	Asian Hornet	Arthropoda	Insecta	Hymenoptera	Vespidae	Vespa	Vespa_velutina	Omnivore	V3-V4	54	43.8622	7.8539	2016		90.41666667	2.6	25.6	13.24166667	60.76666667	15160058.75	1.74	74.0	Land	https://aquastat.fao.org/climate-information-tool/complete-climate-data?lat=43.862222&lon=7.853889&year=2016&datasource=agera5	Samples from 4 nests relatively close in proximity	Y				V3-V4	DW	Europe
Cini4	Cini_et_al_2020	https://www.sciencedirect.com/science/article/pii/S0048969720344028	Asian Hornet	Arthropoda	Insecta	Hymenoptera	Vespidae	Vespa	Vespa_velutina	Omnivore	V3-V4	54	43.8622	7.8539	2016		90.41666667	2.6	25.6	13.24166667	60.76666667	15160058.75	1.74	74.0	Land	https://aquastat.fao.org/climate-information-tool/complete-climate-data?lat=43.862222&lon=7.853889&year=2016&datasource=agera5	Samples from 4 nests relatively close in proximity	Y				V3-V4	DW	Europe
Cini5	Cini_et_al_2020	https://www.sciencedirect.com/science/article/pii/S0048969720344028	Asian Hornet	Arthropoda	Insecta	Hymenoptera	Vespidae	Vespa	Vespa_velutina	Omnivore	V3-V4	54	43.8622	7.8539	2016		90.41666667	2.6	25.6	13.24166667	60.76666667	15160058.75	1.74	74.0	Land	https://aquastat.fao.org/climate-information-tool/complete-climate-data?lat=43.862222&lon=7.853889&year=2016&datasource=agera5	Samples from 4 nests relatively close in proximity	Y				V3-V4	DW	Europe
Jeon1	Jeon_et_al_2023	https://www.mdpi.com/2075-4450/14/4/358	Fall Armyworm	Arthropoda	Insecta	Lepidoptera	Noctuidae 	Spodoptera 	Spodoptera_frugiperda	Herbivore 	V3-V4	34	35.4985	128.7896	2021		97.5	-4.8	29.3	13.61666667	54.56666667	14774358.75	2.17	79.83333333	Land	https://aquastat.fao.org/climate-information-tool/complete-climate-data?lat=35.4984942&lon=128.7895971&year=2021&datasource=agera5		Y	Samples bred in captivity	Y		V3-V4	NT	Asia
Jeon2	Jeon_et_al_2023	https://www.mdpi.com/2075-4450/14/4/358	Fall Armyworm	Arthropoda	Insecta	Lepidoptera	Noctuidae 	Spodoptera 	Spodoptera_frugiperda	Herbivore 	V3-V4	34	35.4985	128.7896	2021		97.5	-4.8	29.3	13.61666667	54.56666667	14774358.75	2.17	79.83333333	Land	https://aquastat.fao.org/climate-information-tool/complete-climate-data?lat=35.4984942&lon=128.7895971&year=2021&datasource=agera5		Y	Samples bred in captivity	Y		V3-V4	NT	Asia
Jeon3	Jeon_et_al_2023	https://www.mdpi.com/2075-4450/14/4/358	Fall Armyworm	Arthropoda	Insecta	Lepidoptera	Noctuidae 	Spodoptera 	Spodoptera_frugiperda	Herbivore 	V3-V4	34	35.4985	128.7896	2021		97.5	-4.8	29.3	13.61666667	54.56666667	14774358.75	2.17	79.83333333	Land	https://aquastat.fao.org/climate-information-tool/complete-climate-data?lat=35.4984942&lon=128.7895971&year=2021&datasource=agera5		Y	Samples bred in captivity	Y		V3-V4	NT	Asia
Jeon4	Jeon_et_al_2023	https://www.mdpi.com/2075-4450/14/4/358	Fall Armyworm	Arthropoda	Insecta	Lepidoptera	Noctuidae 	Spodoptera 	Spodoptera_frugiperda	Herbivore 	V3-V4	34	35.4985	128.7896	2021		97.5	-4.8	29.3	13.61666667	54.56666667	14774358.75	2.17	79.83333333	Land	https://aquastat.fao.org/climate-information-tool/complete-climate-data?lat=35.4984942&lon=128.7895971&year=2021&datasource=agera5		Y	Samples bred in captivity	Y		V3-V4	NT	Asia
Jeon5	Jeon_et_al_2023	https://www.mdpi.com/2075-4450/14/4/358	Fall Armyworm	Arthropoda	Insecta	Lepidoptera	Noctuidae 	Spodoptera 	Spodoptera_frugiperda	Herbivore 	V3-V4	34	35.4985	128.7896	2021		97.5	-4.8	29.3	13.61666667	54.56666667	14774358.75	2.17	79.83333333	Land	https://aquastat.fao.org/climate-information-tool/complete-climate-data?lat=35.4984942&lon=128.7895971&year=2021&datasource=agera5		Y	Samples bred in captivity	Y		V3-V4	NT	Asia
Zhang-Xu1	Zhang_et_al_2021	https://peerj.com/articles/11490/	Sunda Pangolin	Chordata	Mammalia	Pholidota	Manidae	Manis	Manis_javanica	Carnivore	V3-V4	21	23.1356	113.3484	2021	N	146.5	9.1	32.2	23.21666667	66.21666667	15216421.08	3.08	111.0	Land	https://aquastat.fao.org/climate-information-tool/complete-climate-data?lat=23.135609&lon=113.348390&year=2021&datasource=agera5		Y	Samples bred in captivity	Y		V3-V4	EK	Asia
Zhang-Xu2	Zhang_et_al_2021	https://peerj.com/articles/11490/	Sunda Pangolin	Chordata	Mammalia	Pholidota	Manidae	Manis	Manis_javanica	Carnivore	V3-V4	21	23.1356	113.3484	2021	N	146.5	9.1	32.2	23.21666667	66.21666667	15216421.08	3.08	111.0	Land	https://aquastat.fao.org/climate-information-tool/complete-climate-data?lat=23.135609&lon=113.348390&year=2021&datasource=agera5		Y	Samples bred in captivity	Y		V3-V4	EK	Asia
Zhang-Xu3	Zhang_et_al_2021	https://peerj.com/articles/11490/	Sunda Pangolin	Chordata	Mammalia	Pholidota	Manidae	Manis	Manis_javanica	Carnivore	V3-V4	21	23.1356	113.3484	2021	N	146.5	9.1	32.2	23.21666667	66.21666667	15216421.08	3.08	111.0	Land	https://aquastat.fao.org/climate-information-tool/complete-climate-data?lat=23.135609&lon=113.348390&year=2021&datasource=agera5		Y	Samples bred in captivity	Y		V3-V4	EK	Asia
Zhang-Xu4	Zhang_et_al_2021	https://peerj.com/articles/11490/	Sunda Pangolin	Chordata	Mammalia	Pholidota	Manidae	Manis	Manis_javanica	Carnivore	V3-V4	21	23.1356	113.3484	2021	N	146.5	9.1	32.2	23.21666667	66.21666667	15216421.08	3.08	111.0	Land	https://aquastat.fao.org/climate-information-tool/complete-climate-data?lat=23.135609&lon=113.348390&year=2021&datasource=agera5		Y	Samples bred in captivity	Y		V3-V4	EK	Asia
Zhang-Xu5	Zhang_et_al_2021	https://peerj.com/articles/11490/	Sunda Pangolin	Chordata	Mammalia	Pholidota	Manidae	Manis	Manis_javanica	Carnivore	V3-V4	21	23.1356	113.3484	2021	N	146.5	9.1	32.2	23.21666667	66.21666667	15216421.08	3.08	111.0	Land	https://aquastat.fao.org/climate-information-tool/complete-climate-data?lat=23.135609&lon=113.348390&year=2021&datasource=agera5		Y	Samples bred in captivity	Y		V3-V4	EK	Asia
vasco1	Vasco_et_al_2022	https://animalmicrobiome.biomedcentral.com/articles/10.1186/s42523-022-00218-4	Marine Iguana	Chordata	Reptilia	Squamata	Iguanidae	Amblyrhynchus	Amblyrhynchus_Cristatus	Herbivore	V4	525	-0.4124	-91.4821	2018		31.66666667	18.9	29.1	24.39166667	54.325	21244649.33	1.76	132.0	Land	https://aquastat.fao.org/climate-information-tool/complete-climate-data?lat=-0.4123801&lon=-91.4821482&year=2018&datasource=agera5						V4	NS	Europe
vasco2	Vasco_et_al_2022	https://animalmicrobiome.biomedcentral.com/articles/10.1186/s42523-022-00218-4	Marine Iguana	Chordata	Reptilia	Squamata	Iguanidae	Amblyrhynchus	Amblyrhynchus_Cristatus	Herbivore	V4	525	-0.4124	-91.4821	2018		31.66666667	18.9	29.1	24.39166667	54.325	21244649.33	1.76	132.0	Land	https://aquastat.fao.org/climate-information-tool/complete-climate-data?lat=-0.4123801&lon=-91.4821482&year=2018&datasource=agera5						V4	NS	Europe
vasco3	Vasco_et_al_2022	https://animalmicrobiome.biomedcentral.com/articles/10.1186/s42523-022-00218-4	Marine Iguana	Chordata	Reptilia	Squamata	Iguanidae	Amblyrhynchus	Amblyrhynchus_Cristatus	Herbivore	V4	525	-0.4124	-91.4821	2018		31.66666667	18.9	29.1	24.39166667	54.325	21244649.33	1.76	132.0	Land	https://aquastat.fao.org/climate-information-tool/complete-climate-data?lat=-0.4123801&lon=-91.4821482&year=2018&datasource=agera5						V4	NS	Europe
vasco4	Vasco_et_al_2022	https://animalmicrobiome.biomedcentral.com/articles/10.1186/s42523-022-00218-4	Marine Iguana	Chordata	Reptilia	Squamata	Iguanidae	Amblyrhynchus	Amblyrhynchus_Cristatus	Herbivore	V4	525	-0.4124	-91.4821	2018		31.66666667	18.9	29.1	24.39166667	54.325	21244649.33	1.76	132.0	Land	https://aquastat.fao.org/climate-information-tool/complete-climate-data?lat=-0.4123801&lon=-91.4821482&year=2018&datasource=agera5						V4	NS	Europe
vasco5	Vasco_et_al_2022	https://animalmicrobiome.biomedcentral.com/articles/10.1186/s42523-022-00218-4	Marine Iguana	Chordata	Reptilia	Squamata	Iguanidae	Amblyrhynchus	Amblyrhynchus_Cristatus	Herbivore	V4	525	-0.4124	-91.4821	2018		31.66666667	18.9	29.1	24.39166667	54.325	21244649.33	1.76	132.0	Land	https://aquastat.fao.org/climate-information-tool/complete-climate-data?lat=-0.4123801&lon=-91.4821482&year=2018&datasource=agera5						V4	NS	Europe
Mathai1	Mathai_et_al_2021	https://doi.org/10.3389/fmicb.2021.706683	Sea Lamprey	Chordata	Hyperoartia	Petromyzontiformes	Petromyzontidae	Petromyzon	Petromyzon_Marinus	Carnivore	V4	187	45.5539	-84.1366	2019		109.75	-11.8	24.0	5.825	66.925	13379780.58	4.29	61.5	Water	https://aquastat.fao.org/climate-information-tool/complete-climate-data?lat=45.54074781208624&lon=-84.13490303881478&year=2019&datasource=agera5						V4	DW	Oceania
Mathai2	Mathai_et_al_2021	https://doi.org/10.3389/fmicb.2021.706683	Sea Lamprey	Chordata	Hyperoartia	Petromyzontiformes	Petromyzontidae	Petromyzon	Petromyzon_Marinus	Carnivore	V4	187	45.5539	-84.1366	2019		109.75	-11.8	24.0	5.825	66.925	13379780.58	4.29	61.5	Water	https://aquastat.fao.org/climate-information-tool/complete-climate-data?lat=45.54074781208624&lon=-84.13490303881478&year=2019&datasource=agera5						V4	DW	Oceania
Mathai3	Mathai_et_al_2021	https://doi.org/10.3389/fmicb.2021.706683	Sea Lamprey	Chordata	Hyperoartia	Petromyzontiformes	Petromyzontidae	Petromyzon	Petromyzon_Marinus	Carnivore	V4	187	45.5539	-84.1366	2019		109.75	-11.8	24.0	5.825	66.925	13379780.58	4.29	61.5	Water	https://aquastat.fao.org/climate-information-tool/complete-climate-data?lat=45.54074781208624&lon=-84.13490303881478&year=2019&datasource=agera5						V4	DW	Oceania
Mathai4	Mathai_et_al_2021	https://doi.org/10.3389/fmicb.2021.706683	Sea Lamprey	Chordata	Hyperoartia	Petromyzontiformes	Petromyzontidae	Petromyzon	Petromyzon_Marinus	Carnivore	V4	187	45.5539	-84.1366	2019		109.75	-11.8	24.0	5.825	66.925	13379780.58	4.29	61.5	Water	https://aquastat.fao.org/climate-information-tool/complete-climate-data?lat=45.54074781208624&lon=-84.13490303881478&year=2019&datasource=agera5						V4	DW	Oceania
Mathai5	Mathai_et_al_2021	https://doi.org/10.3389/fmicb.2021.706683	Sea Lamprey	Chordata	Hyperoartia	Petromyzontiformes	Petromyzontidae	Petromyzon	Petromyzon_Marinus	Carnivore	V4	187	45.5539	-84.1366	2019		109.75	-11.8	24.0	5.825	66.925	13379780.58	4.29	61.5	Water	https://aquastat.fao.org/climate-information-tool/complete-climate-data?lat=45.54074781208624&lon=-84.13490303881478&year=2019&datasource=agera5						V4	DW	Oceania
Holt1	Holt_et_al_2019	https://www.nature.com/articles/s41396-019-0546-1#Sec2	European Lobster	Arthropoda	Malacostraca	Decapoda	Nephropidae	Homarus	Homarus_Gammarus	Omnivore	V4	-14	50.3159	-4.7344	2017		69.58333333	3.9	18.6	10.85833333	77.875	10520316.0	4.71	52.0	Water	https://aquastat.fao.org/climate-information-tool/complete-climate-data?lat=50.3116966&lon=-4.703676199999999&year=2017&datasource=agera5	Collected on coast				studydatawaspaired_onlyusedsingle(badscoreforreverseread)	V4	DW	Asia
Holt2	Holt_et_al_2019	https://www.nature.com/articles/s41396-019-0546-1#Sec2	European Lobster	Arthropoda	Malacostraca	Decapoda	Nephropidae	Homarus	Homarus_Gammarus	Omnivore	V4	-14	50.3159	-4.7344	2017		69.58333333	3.9	18.6	10.85833333	77.875	10520316.0	4.71	52.0	Water	https://aquastat.fao.org/climate-information-tool/complete-climate-data?lat=50.3116966&lon=-4.703676199999999&year=2017&datasource=agera5	Collected on coast				studydatawaspaired_onlyusedsingle(badscoreforreverseread)	V4	DW	Asia
Holt3	Holt_et_al_2019	https://www.nature.com/articles/s41396-019-0546-1#Sec2	European Lobster	Arthropoda	Malacostraca	Decapoda	Nephropidae	Homarus	Homarus_Gammarus	Omnivore	V4	-14	50.3159	-4.7344	2017		69.58333333	3.9	18.6	10.85833333	77.875	10520316.0	4.71	52.0	Water	https://aquastat.fao.org/climate-information-tool/complete-climate-data?lat=50.3116966&lon=-4.703676199999999&year=2017&datasource=agera5	Collected on coast				studydatawaspaired_onlyusedsingle(badscoreforreverseread)	V4	DW	Asia
Holt4	Holt_et_al_2019	https://www.nature.com/articles/s41396-019-0546-1#Sec2	European Lobster	Arthropoda	Malacostraca	Decapoda	Nephropidae	Homarus	Homarus_Gammarus	Omnivore	V4	-14	50.3159	-4.7344	2017		69.58333333	3.9	18.6	10.85833333	77.875	10520316.0	4.71	52.0	Water	https://aquastat.fao.org/climate-information-tool/complete-climate-data?lat=50.3116966&lon=-4.703676199999999&year=2017&datasource=agera5	Collected on coast				studydatawaspaired_onlyusedsingle(badscoreforreverseread)	V4	DW	Asia
Holt5	Holt_et_al_2019	https://www.nature.com/articles/s41396-019-0546-1#Sec2	European Lobster	Arthropoda	Malacostraca	Decapoda	Nephropidae	Homarus	Homarus_Gammarus	Omnivore	V4	-14	50.3159	-4.7344	2017		69.58333333	3.9	18.6	10.85833333	77.875	10520316.0	4.71	52.0	Water	https://aquastat.fao.org/climate-information-tool/complete-climate-data?lat=50.3116966&lon=-4.703676199999999&year=2017&datasource=agera5	Collected on coast				studydatawaspaired_onlyusedsingle(badscoreforreverseread)	V4	DW	Asia
moeller1	Moeller_et_al_2020	https://journals.asm.org/doi/full/10.1128/AEM.01181-20	Western Fence Lizards	Chordata	Reptilia	Squamata	Phrynosomatidae	Sceloporus	Sceloporus_Occidentalis	Carnivore	V4	115	35.3021	-120.6594	2018		27.83333333	5.6	27.9	15.68333333	46.3	19961818.25	2.43	109.3333333	Land	https://aquastat.fao.org/climate-information-tool/complete-climate-data?lat=35.3050053&lon=-120.6624942&year=2018&datasource=agera5						V4	EO	Asia
moeller2	Moeller_et_al_2020	https://journals.asm.org/doi/full/10.1128/AEM.01181-20	Western Fence Lizards	Chordata	Reptilia	Squamata	Phrynosomatidae	Sceloporus	Sceloporus_Occidentalis	Carnivore	V4	115	35.3021	-120.6594	2018		27.83333333	5.6	27.9	15.68333333	46.3	19961818.25	2.43	109.3333333	Land	https://aquastat.fao.org/climate-information-tool/complete-climate-data?lat=35.3050053&lon=-120.6624942&year=2018&datasource=agera5						V4	EO	Asia
moeller3	Moeller_et_al_2020	https://journals.asm.org/doi/full/10.1128/AEM.01181-20	Western Fence Lizards	Chordata	Reptilia	Squamata	Phrynosomatidae	Sceloporus	Sceloporus_Occidentalis	Carnivore	V4	115	35.3021	-120.6594	2018		27.83333333	5.6	27.9	15.68333333	46.3	19961818.25	2.43	109.3333333	Land	https://aquastat.fao.org/climate-information-tool/complete-climate-data?lat=35.3050053&lon=-120.6624942&year=2018&datasource=agera5						V4	EO	Asia
moeller4	Moeller_et_al_2020	https://journals.asm.org/doi/full/10.1128/AEM.01181-20	Western Fence Lizards	Chordata	Reptilia	Squamata	Phrynosomatidae	Sceloporus	Sceloporus_Occidentalis	Carnivore	V4	115	35.3021	-120.6594	2018		27.83333333	5.6	27.9	15.68333333	46.3	19961818.25	2.43	109.3333333	Land	https://aquastat.fao.org/climate-information-tool/complete-climate-data?lat=35.3050053&lon=-120.6624942&year=2018&datasource=agera5						V4	EO	Asia
moeller5	Moeller_et_al_2020	https://journals.asm.org/doi/full/10.1128/AEM.01181-20	Western Fence Lizards	Chordata	Reptilia	Squamata	Phrynosomatidae	Sceloporus	Sceloporus_Occidentalis	Carnivore	V4	115	35.3021	-120.6594	2018		27.83333333	5.6	27.9	15.68333333	46.3	19961818.25	2.43	109.3333333	Land	https://aquastat.fao.org/climate-information-tool/complete-climate-data?lat=35.3050053&lon=-120.6624942&year=2018&datasource=agera5						V4	EO	Asia
Lawson1	Lawson_et_al_2022	https://onlinelibrary-wiley-com.turing.library.northwestern.edu/doi/10.1111/fwb.13905	Threeridge Mussel	Mollusca	Bivalvia	Unionida	Unionidae	Amblema	Amblema_Plicata	Planktivore	V4	99	33.4588	-87.9229	2019		137.5	2.3	33.6	18.31666667	56.36666667	16030203.83	2.61	102.5833333	Water	https://aquastat.fao.org/climate-information-tool/complete-climate-data?lat=33.45881376951512&lon=-87.92289028898892&year=2019&datasource=agera5	Samples taken from multiple local rivers					V4	DW	Europe
Lawson2	Lawson_et_al_2022	https://onlinelibrary-wiley-com.turing.library.northwestern.edu/doi/10.1111/fwb.13905	Threeridge Mussel	Mollusca	Bivalvia	Unionida	Unionidae	Amblema	Amblema_Plicata	Planktivore	V4	99	33.4588	-87.9229	2019		137.5	2.3	33.6	18.31666667	56.36666667	16030203.83	2.61	102.5833333	Water	https://aquastat.fao.org/climate-information-tool/complete-climate-data?lat=33.45881376951512&lon=-87.92289028898892&year=2019&datasource=agera5	Samples taken from multiple local rivers					V4	DW	Europe
Lawson3	Lawson_et_al_2022	https://onlinelibrary-wiley-com.turing.library.northwestern.edu/doi/10.1111/fwb.13905	Threeridge Mussel	Mollusca	Bivalvia	Unionida	Unionidae	Amblema	Amblema_Plicata	Planktivore	V4	99	33.4588	-87.9229	2019		137.5	2.3	33.6	18.31666667	56.36666667	16030203.83	2.61	102.5833333	Water	https://aquastat.fao.org/climate-information-tool/complete-climate-data?lat=33.45881376951512&lon=-87.92289028898892&year=2019&datasource=agera5	Samples taken from multiple local rivers					V4	DW	Europe
Lawson4	Lawson_et_al_2022	https://onlinelibrary-wiley-com.turing.library.northwestern.edu/doi/10.1111/fwb.13905	Threeridge Mussel	Mollusca	Bivalvia	Unionida	Unionidae	Amblema	Amblema_Plicata	Planktivore	V4	99	33.4588	-87.9229	2019		137.5	2.3	33.6	18.31666667	56.36666667	16030203.83	2.61	102.5833333	Water	https://aquastat.fao.org/climate-information-tool/complete-climate-data?lat=33.45881376951512&lon=-87.92289028898892&year=2019&datasource=agera5	Samples taken from multiple local rivers					V4	DW	Europe
Lawson5	Lawson_et_al_2022	https://onlinelibrary-wiley-com.turing.library.northwestern.edu/doi/10.1111/fwb.13905	Threeridge Mussel	Mollusca	Bivalvia	Unionida	Unionidae	Amblema	Amblema_Plicata	Planktivore	V4	99	33.4588	-87.9229	2019		137.5	2.3	33.6	18.31666667	56.36666667	16030203.83	2.61	102.5833333	Water	https://aquastat.fao.org/climate-information-tool/complete-climate-data?lat=33.45881376951512&lon=-87.92289028898892&year=2019&datasource=agera5	Samples taken from multiple local rivers					V4	DW	Europe
Trevelline1	Trevelline_et_al_2019	https://academic.oup.com/femsec/article/95/7/fiz086/5519851	Eastern Fence Lizard	Chordata	Reptilia	Squamata	Phrynosomatidae	Sceloporus	Sceloporus_Undulatus	Carnivore	V4	45	30.732	-87.9013	2017		139.4166667	6.9	31.7	20.69166667	60.21666667	16891293.67	2.87	107.3333333	Land	https://aquastat.fao.org/climate-information-tool/complete-climate-data?lat=30.732022&lon=-87.901318&year=2017&datasource=agera5	All females				captive	V4	DW	Asia
Trevelline2	Trevelline_et_al_2019	https://academic.oup.com/femsec/article/95/7/fiz086/5519851	Eastern Fence Lizard	Chordata	Reptilia	Squamata	Phrynosomatidae	Sceloporus	Sceloporus_Undulatus	Carnivore	V4	45	30.732	-87.9013	2017		139.4166667	6.9	31.7	20.69166667	60.21666667	16891293.67	2.87	107.3333333	Land	https://aquastat.fao.org/climate-information-tool/complete-climate-data?lat=30.732022&lon=-87.901318&year=2017&datasource=agera5	All females				captive	V4	DW	Asia
Trevelline3	Trevelline_et_al_2019	https://academic.oup.com/femsec/article/95/7/fiz086/5519851	Eastern Fence Lizard	Chordata	Reptilia	Squamata	Phrynosomatidae	Sceloporus	Sceloporus_Undulatus	Carnivore	V4	45	30.732	-87.9013	2017		139.4166667	6.9	31.7	20.69166667	60.21666667	16891293.67	2.87	107.3333333	Land	https://aquastat.fao.org/climate-information-tool/complete-climate-data?lat=30.732022&lon=-87.901318&year=2017&datasource=agera5	All females				captive	V4	DW	Asia
Trevelline4	Trevelline_et_al_2019	https://academic.oup.com/femsec/article/95/7/fiz086/5519851	Eastern Fence Lizard	Chordata	Reptilia	Squamata	Phrynosomatidae	Sceloporus	Sceloporus_Undulatus	Carnivore	V4	45	30.732	-87.9013	2017		139.4166667	6.9	31.7	20.69166667	60.21666667	16891293.67	2.87	107.3333333	Land	https://aquastat.fao.org/climate-information-tool/complete-climate-data?lat=30.732022&lon=-87.901318&year=2017&datasource=agera5	All females				captive	V4	DW	Asia
Trevelline5	Trevelline_et_al_2019	https://academic.oup.com/femsec/article/95/7/fiz086/5519851	Eastern Fence Lizard	Chordata	Reptilia	Squamata	Phrynosomatidae	Sceloporus	Sceloporus_Undulatus	Carnivore	V4	45	30.732	-87.9013	2017		139.4166667	6.9	31.7	20.69166667	60.21666667	16891293.67	2.87	107.3333333	Land	https://aquastat.fao.org/climate-information-tool/complete-climate-data?lat=30.732022&lon=-87.901318&year=2017&datasource=agera5	All females				captive	V4	DW	Asia
liu1	Liu_et_al_2020	https://www.frontiersin.org/articles/10.3389/fmicb.2020.00036/full#h7	Noble Scallop	Mollusca	Bivalvia	Pectinida	Pectiniae	Chlamys	Chalamys_Nobilis	Herbivore	V4	20	23.4833	117.1167	2020	N	86.4469697	-11.8	33.6	17.45530303	62.7030303	15955593.88	3.29	96.47727273	Water	https://aquastat.fao.org/climate-information-tool/complete-climate-data?lat=23.483333&lon=117.116667&year=2020&datasource=agera5						V4	EO	Asia
liu2	Liu_et_al_2020	https://www.frontiersin.org/articles/10.3389/fmicb.2020.00036/full#h7	Noble Scallop	Mollusca	Bivalvia	Pectinida	Pectiniae	Chlamys	Chalamys_Nobilis	Herbivore	V4	20	23.4833	117.1167	2020	N	86.4469697	-11.8	33.6	17.45530303	62.7030303	15955593.88	3.29	96.47727273	Water	https://aquastat.fao.org/climate-information-tool/complete-climate-data?lat=23.483333&lon=117.116667&year=2020&datasource=agera5						V4	EO	Asia
liu3	Liu_et_al_2020	https://www.frontiersin.org/articles/10.3389/fmicb.2020.00036/full#h7	Noble Scallop	Mollusca	Bivalvia	Pectinida	Pectiniae	Chlamys	Chalamys_Nobilis	Herbivore	V4	20	23.4833	117.1167	2020	N	86.4469697	-11.8	33.6	17.45530303	62.7030303	15955593.88	3.29	96.47727273	Water	https://aquastat.fao.org/climate-information-tool/complete-climate-data?lat=23.483333&lon=117.116667&year=2020&datasource=agera5						V4	EO	Asia
liu4	Liu_et_al_2020	https://www.frontiersin.org/articles/10.3389/fmicb.2020.00036/full#h7	Noble Scallop	Mollusca	Bivalvia	Pectinida	Pectiniae	Chlamys	Chalamys_Nobilis	Herbivore	V4	20	23.4833	117.1167	2020	N	86.4469697	-11.8	33.6	17.45530303	62.7030303	15955593.88	3.29	96.47727273	Water	https://aquastat.fao.org/climate-information-tool/complete-climate-data?lat=23.483333&lon=117.116667&year=2020&datasource=agera5						V4	EO	Asia
liu5	Liu_et_al_2020	https://www.frontiersin.org/articles/10.3389/fmicb.2020.00036/full#h7	Noble Scallop	Mollusca	Bivalvia	Pectinida	Pectiniae	Chlamys	Chalamys_Nobilis	Herbivore	V4	20	23.4833	117.1167	2020	N	86.4469697	-11.8	33.6	17.45530303	62.7030303	15955593.88	3.29	96.47727273	Water	https://aquastat.fao.org/climate-information-tool/complete-climate-data?lat=23.483333&lon=117.116667&year=2020&datasource=agera5						V4	EO	Asia
Berlow1	Berlow_et_al_2021	https://link.springer.com/article/10.1007/s00248-020-01569-8	White-Crowned Sparrow	Chordata	Aves	Passeriformes	Passerellidae	Zonotrichia	Zonotrichia_Leucophrys	Omnivore	V4	34	37.7924	-122.481	2016		62.83333333	9.0	17.8	13.725	76.93333333	17932339.42	4.7	75.83333333	Air	https://aquastat.fao.org/climate-information-tool/complete-climate-data?lat=37.7923841&lon=-122.4810057&year=2016&datasource=agera5	Sampling done in an area of 1400 sq. km					V4	AK	Europe
Berlow2	Berlow_et_al_2021	https://link.springer.com/article/10.1007/s00248-020-01569-8	White-Crowned Sparrow	Chordata	Aves	Passeriformes	Passerellidae	Zonotrichia	Zonotrichia_Leucophrys	Omnivore	V4	34	37.7924	-122.481	2016		62.83333333	9.0	17.8	13.725	76.93333333	17932339.42	4.7	75.83333333	Air	https://aquastat.fao.org/climate-information-tool/complete-climate-data?lat=37.7923841&lon=-122.4810057&year=2016&datasource=agera5	Sampling done in an area of 1400 sq. km					V4	AK	Europe
Berlow3	Berlow_et_al_2021	https://link.springer.com/article/10.1007/s00248-020-01569-8	White-Crowned Sparrow	Chordata	Aves	Passeriformes	Passerellidae	Zonotrichia	Zonotrichia_Leucophrys	Omnivore	V4	34	37.7924	-122.481	2016		62.83333333	9.0	17.8	13.725	76.93333333	17932339.42	4.7	75.83333333	Air	https://aquastat.fao.org/climate-information-tool/complete-climate-data?lat=37.7923841&lon=-122.4810057&year=2016&datasource=agera5	Sampling done in an area of 1400 sq. km					V4	AK	Europe
Berlow4	Berlow_et_al_2021	https://link.springer.com/article/10.1007/s00248-020-01569-8	White-Crowned Sparrow	Chordata	Aves	Passeriformes	Passerellidae	Zonotrichia	Zonotrichia_Leucophrys	Omnivore	V4	34	37.7924	-122.481	2016		62.83333333	9.0	17.8	13.725	76.93333333	17932339.42	4.7	75.83333333	Air	https://aquastat.fao.org/climate-information-tool/complete-climate-data?lat=37.7923841&lon=-122.4810057&year=2016&datasource=agera5	Sampling done in an area of 1400 sq. km					V4	AK	Europe
Berlow5	Berlow_et_al_2021	https://link.springer.com/article/10.1007/s00248-020-01569-8	White-Crowned Sparrow	Chordata	Aves	Passeriformes	Passerellidae	Zonotrichia	Zonotrichia_Leucophrys	Omnivore	V4	34	37.7924	-122.481	2016		62.83333333	9.0	17.8	13.725	76.93333333	17932339.42	4.7	75.83333333	Air	https://aquastat.fao.org/climate-information-tool/complete-climate-data?lat=37.7923841&lon=-122.4810057&year=2016&datasource=agera5	Sampling done in an area of 1400 sq. km					V4	AK	Europe
Bunker1	Bunker_et_al_2022	https://www.nature.com/articles/s41598-022-24518-6	Striped Plateau Lizard	Chordata	Reptilia	Squamata	Phrynosomatidae	Sceloporus	Sceloporus_Virgatus	Carnivore	V4	1672	31.884	-109.206	2018		43.0	-0.5	27.4	12.85	37.89166667	20535724.92	2.52	115.4166667	Land	https://aquastat.fao.org/climate-information-tool/complete-climate-data?lat=31.88397669999999&lon=-109.2059679&year=2018&datasource=agera5						V4	DW	Asia
Bunker2	Bunker_et_al_2022	https://www.nature.com/articles/s41598-022-24518-6	Striped Plateau Lizard	Chordata	Reptilia	Squamata	Phrynosomatidae	Sceloporus	Sceloporus_Virgatus	Carnivore	V4	1672	31.884	-109.206	2018		43.0	-0.5	27.4	12.85	37.89166667	20535724.92	2.52	115.4166667	Land	https://aquastat.fao.org/climate-information-tool/complete-climate-data?lat=31.88397669999999&lon=-109.2059679&year=2018&datasource=agera5						V4	DW	Asia
Bunker3	Bunker_et_al_2022	https://www.nature.com/articles/s41598-022-24518-6	Striped Plateau Lizard	Chordata	Reptilia	Squamata	Phrynosomatidae	Sceloporus	Sceloporus_Virgatus	Carnivore	V4	1672	31.884	-109.206	2018		43.0	-0.5	27.4	12.85	37.89166667	20535724.92	2.52	115.4166667	Land	https://aquastat.fao.org/climate-information-tool/complete-climate-data?lat=31.88397669999999&lon=-109.2059679&year=2018&datasource=agera5						V4	DW	Asia
Bunker4	Bunker_et_al_2022	https://www.nature.com/articles/s41598-022-24518-6	Striped Plateau Lizard	Chordata	Reptilia	Squamata	Phrynosomatidae	Sceloporus	Sceloporus_Virgatus	Carnivore	V4	1672	31.884	-109.206	2018		43.0	-0.5	27.4	12.85	37.89166667	20535724.92	2.52	115.4166667	Land	https://aquastat.fao.org/climate-information-tool/complete-climate-data?lat=31.88397669999999&lon=-109.2059679&year=2018&datasource=agera5						V4	DW	Asia
Bunker5	Bunker_et_al_2022	https://www.nature.com/articles/s41598-022-24518-6	Striped Plateau Lizard	Chordata	Reptilia	Squamata	Phrynosomatidae	Sceloporus	Sceloporus_Virgatus	Carnivore	V4	1672	31.884	-109.206	2018		43.0	-0.5	27.4	12.85	37.89166667	20535724.92	2.52	115.4166667	Land	https://aquastat.fao.org/climate-information-tool/complete-climate-data?lat=31.88397669999999&lon=-109.2059679&year=2018&datasource=agera5						V4	DW	Asia
Monterio-1	Monterio_et_al_2022	https://www.nature.com/articles/s41598-022-08761-5#data-availability	Holstein Cows	Chordata	Mammalia	Artiodactyla	Bovidae	Bos	Taurus_Taurus	Herbivore	V4	223	40.0898	-88.2202	2022	N	79.0	-8.9	28.9	11.375	56.93333333	15223908.25	4.23	92.83333333	Land	https://aquastat.fao.org/climate-information-tool/complete-climate-data?lat=40.089836675604175&lon=-88.2201528896715&year=2022&datasource=agera5						V4	ES	North America
Monterio-2	Monterio_et_al_2022	https://www.nature.com/articles/s41598-022-08761-5#data-availability	Holstein Cows	Chordata	Mammalia	Artiodactyla	Bovidae	Bos	Taurus_Taurus	Herbivore	V4	223	40.0898	-88.2202	2022	N	79.0	-8.9	28.9	11.375	56.93333333	15223908.25	4.23	92.83333333	Land	https://aquastat.fao.org/climate-information-tool/complete-climate-data?lat=40.089836675604175&lon=-88.2201528896715&year=2022&datasource=agera5						V4	ES	North America
Monterio-3	Monterio_et_al_2022	https://www.nature.com/articles/s41598-022-08761-5#data-availability	Holstein Cows	Chordata	Mammalia	Artiodactyla	Bovidae	Bos	Taurus_Taurus	Herbivore	V4	223	40.0898	-88.2202	2022	N	79.0	-8.9	28.9	11.375	56.93333333	15223908.25	4.23	92.83333333	Land	https://aquastat.fao.org/climate-information-tool/complete-climate-data?lat=40.089836675604175&lon=-88.2201528896715&year=2022&datasource=agera5						V4	ES	North America
Monterio-4	Monterio_et_al_2022	https://www.nature.com/articles/s41598-022-08761-5#data-availability	Holstein Cows	Chordata	Mammalia	Artiodactyla	Bovidae	Bos	Taurus_Taurus	Herbivore	V4	223	40.0898	-88.2202	2022	N	79.0	-8.9	28.9	11.375	56.93333333	15223908.25	4.23	92.83333333	Land	https://aquastat.fao.org/climate-information-tool/complete-climate-data?lat=40.089836675604175&lon=-88.2201528896715&year=2022&datasource=agera5						V4	ES	North America
Monterio-5	Monterio_et_al_2022	https://www.nature.com/articles/s41598-022-08761-5#data-availability	Holstein Cows	Chordata	Mammalia	Artiodactyla	Bovidae	Bos	Taurus_Taurus	Herbivore	V4	223	40.0898	-88.2202	2022	N	79.0	-8.9	28.9	11.375	56.93333333	15223908.25	4.23	92.83333333	Land	https://aquastat.fao.org/climate-information-tool/complete-climate-data?lat=40.089836675604175&lon=-88.2201528896715&year=2022&datasource=agera5						V4	ES	North America
nakagawa1	Nakagawa_et_al_2017	https://www.nature.com/articles/s41598-017-09355-2	Starfish	Echinodermata	Asteroidea	Forcipulatida	Asteriidae	Asterias	Asterias_Amurensis	Carnivore	V4	23	43.3301	145.5828	2015		100.6666667	-3.3	18.0	7.383333333	76.75833333	13248767.17	6.41	55.25	Water	https://aquastat.fao.org/climate-information-tool/complete-climate-data?lat=43.3301005&lon=145.5828182&year=2015&datasource=agera5	2 species, assumed relative similarity					V4	SJ	Asia
nakagawa2	Nakagawa_et_al_2017	https://www.nature.com/articles/s41598-017-09355-2	Starfish	Echinodermata	Asteroidea	Forcipulatida	Asteriidae	Asterias	Asterias_Amurensis	Carnivore	V4	23	43.3301	145.5828	2015		100.6666667	-3.3	18.0	7.383333333	76.75833333	13248767.17	6.41	55.25	Water	https://aquastat.fao.org/climate-information-tool/complete-climate-data?lat=43.3301005&lon=145.5828182&year=2015&datasource=agera5	2 species, assumed relative similarity					V4	SJ	Asia
nakagawa3	Nakagawa_et_al_2017	https://www.nature.com/articles/s41598-017-09355-2	Starfish	Echinodermata	Asteroidea	Forcipulatida	Asteriidae	Asterias	Asterias_Amurensis	Carnivore	V4	23	43.3301	145.5828	2015		100.6666667	-3.3	18.0	7.383333333	76.75833333	13248767.17	6.41	55.25	Water	https://aquastat.fao.org/climate-information-tool/complete-climate-data?lat=43.3301005&lon=145.5828182&year=2015&datasource=agera5	2 species, assumed relative similarity					V4	SJ	Asia
nakagawa4	Nakagawa_et_al_2017	https://www.nature.com/articles/s41598-017-09355-2	Starfish	Echinodermata	Asteroidea	Forcipulatida	Asteriidae	Asterias	Asterias_Amurensis	Carnivore	V4	23	43.3301	145.5828	2015		100.6666667	-3.3	18.0	7.383333333	76.75833333	13248767.17	6.41	55.25	Water	https://aquastat.fao.org/climate-information-tool/complete-climate-data?lat=43.3301005&lon=145.5828182&year=2015&datasource=agera5	2 species, assumed relative similarity					V4	SJ	Asia
nakagawa5	Nakagawa_et_al_2017	https://www.nature.com/articles/s41598-017-09355-2	Starfish	Echinodermata	Asteroidea	Forcipulatida	Asteriidae	Asterias	Asterias_Amurensis	Carnivore	V4	23	43.3301	145.5828	2015		100.6666667	-3.3	18.0	7.383333333	76.75833333	13248767.17	6.41	55.25	Water	https://aquastat.fao.org/climate-information-tool/complete-climate-data?lat=43.3301005&lon=145.5828182&year=2015&datasource=agera5	2 species, assumed relative similarity					V4	SJ	Asia
Nielsen1	Nielsen_et_al_2017	https://peerj.com/articles/3317/	Rabbitfish	Chordata	Actinopterygii	Perciformes	Siganidae	Siganus	Siganus_Fuscescens	Herbivore	V4	-2	-31.8043	115.7185	2016		58.5	10.7	27.3	18.03333333	60.675	19265052.92	5.8	127.6666667	Water	https://aquastat.fao.org/climate-information-tool/complete-climate-data?lat=-31.804303&lon=115.718519&year=2016&datasource=agera5						V4	NT	Asia
Nielsen2	Nielsen_et_al_2017	https://peerj.com/articles/3317/	Rabbitfish	Chordata	Actinopterygii	Perciformes	Siganidae	Siganus	Siganus_Fuscescens	Herbivore	V4	-2	-31.8043	115.7185	2016		58.5	10.7	27.3	18.03333333	60.675	19265052.92	5.8	127.6666667	Water	https://aquastat.fao.org/climate-information-tool/complete-climate-data?lat=-31.804303&lon=115.718519&year=2016&datasource=agera5						V4	NT	Asia
Nielsen3	Nielsen_et_al_2017	https://peerj.com/articles/3317/	Rabbitfish	Chordata	Actinopterygii	Perciformes	Siganidae	Siganus	Siganus_Fuscescens	Herbivore	V4	-2	-31.8043	115.7185	2016		58.5	10.7	27.3	18.03333333	60.675	19265052.92	5.8	127.6666667	Water	https://aquastat.fao.org/climate-information-tool/complete-climate-data?lat=-31.804303&lon=115.718519&year=2016&datasource=agera5						V4	NT	Asia
Nielsen4	Nielsen_et_al_2017	https://peerj.com/articles/3317/	Rabbitfish	Chordata	Actinopterygii	Perciformes	Siganidae	Siganus	Siganus_Fuscescens	Herbivore	V4	-2	-31.8043	115.7185	2016		58.5	10.7	27.3	18.03333333	60.675	19265052.92	5.8	127.6666667	Water	https://aquastat.fao.org/climate-information-tool/complete-climate-data?lat=-31.804303&lon=115.718519&year=2016&datasource=agera5						V4	NT	Asia
Nielsen5	Nielsen_et_al_2017	https://peerj.com/articles/3317/	Rabbitfish	Chordata	Actinopterygii	Perciformes	Siganidae	Siganus	Siganus_Fuscescens	Herbivore	V4	-2	-31.8043	115.7185	2016		58.5	10.7	27.3	18.03333333	60.675	19265052.92	5.8	127.6666667	Water	https://aquastat.fao.org/climate-information-tool/complete-climate-data?lat=-31.804303&lon=115.718519&year=2016&datasource=agera5						V4	NT	Asia
pierce1	Pierce_et_al_2019	https://journals.asm.org/doi/full/10.1128/mSphere.00730-19	Blue Mussel	Mollusca	Bivalvia	Mytilida	Mytilidae	Mytilus	Mytilus_Edulis	Omnivore	V4	5	41.3179	-72.0647	2014		103.25	-8.1	25.9	9.733333333	57.9	14771757.25	3.53	76.16666667	Water	https://aquastat.fao.org/climate-information-tool/complete-climate-data?lat=41.3179294&lon=-72.0647414&year=2014&datasource=agera5						V4	KS	Europe
pierce2	Pierce_et_al_2019	https://journals.asm.org/doi/full/10.1128/mSphere.00730-19	Blue Mussel	Mollusca	Bivalvia	Mytilida	Mytilidae	Mytilus	Mytilus_Edulis	Omnivore	V4	5	41.3179	-72.0647	2014		103.25	-8.1	25.9	9.733333333	57.9	14771757.25	3.53	76.16666667	Water	https://aquastat.fao.org/climate-information-tool/complete-climate-data?lat=41.3179294&lon=-72.0647414&year=2014&datasource=agera5						V4	KS	Europe
pierce3	Pierce_et_al_2019	https://journals.asm.org/doi/full/10.1128/mSphere.00730-19	Blue Mussel	Mollusca	Bivalvia	Mytilida	Mytilidae	Mytilus	Mytilus_Edulis	Omnivore	V4	5	41.3179	-72.0647	2014		103.25	-8.1	25.9	9.733333333	57.9	14771757.25	3.53	76.16666667	Water	https://aquastat.fao.org/climate-information-tool/complete-climate-data?lat=41.3179294&lon=-72.0647414&year=2014&datasource=agera5						V4	KS	Europe
pierce4	Pierce_et_al_2019	https://journals.asm.org/doi/full/10.1128/mSphere.00730-19	Blue Mussel	Mollusca	Bivalvia	Mytilida	Mytilidae	Mytilus	Mytilus_Edulis	Omnivore	V4	5	41.3179	-72.0647	2014		103.25	-8.1	25.9	9.733333333	57.9	14771757.25	3.53	76.16666667	Water	https://aquastat.fao.org/climate-information-tool/complete-climate-data?lat=41.3179294&lon=-72.0647414&year=2014&datasource=agera5						V4	KS	Europe
pierce5	Pierce_et_al_2019	https://journals.asm.org/doi/full/10.1128/mSphere.00730-19	Blue Mussel	Mollusca	Bivalvia	Mytilida	Mytilidae	Mytilus	Mytilus_Edulis	Omnivore	V4	5	41.3179	-72.0647	2014		103.25	-8.1	25.9	9.733333333	57.9	14771757.25	3.53	76.16666667	Water	https://aquastat.fao.org/climate-information-tool/complete-climate-data?lat=41.3179294&lon=-72.0647414&year=2014&datasource=agera5						V4	KS	Europe
budd1	Budd_et_al_2020	https://onlinelibrary.wiley.com/doi/full/10.1002/ece3.6305	African Savanna Elephant	Chordata	Mammalia	Proboscidea	Elephantidae	Loxodonta	Loxodonta_Africana	Herbivore	V4	2014	-0.7276	35.3222	2011		249.3333333	12.3	25.9	18.19166667	48.725	20648989.42	2.39	126.5833333	Land	https://aquastat.fao.org/climate-information-tool/complete-climate-data?lat=-0.7276431857066579&lon=35.322175223601896&year=2011&datasource=agera5					studyalsoincludedLoxodontacyclotis	V4	NS	South America
budd2	Budd_et_al_2020	https://onlinelibrary.wiley.com/doi/full/10.1002/ece3.6305	African Savanna Elephant	Chordata	Mammalia	Proboscidea	Elephantidae	Loxodonta	Loxodonta_Africana	Herbivore	V4	2014	-0.7276	35.3222	2011		249.3333333	12.3	25.9	18.19166667	48.725	20648989.42	2.39	126.5833333	Land	https://aquastat.fao.org/climate-information-tool/complete-climate-data?lat=-0.7276431857066579&lon=35.322175223601896&year=2011&datasource=agera5					studyalsoincludedLoxodontacyclotis	V4	NS	South America
budd3	Budd_et_al_2020	https://onlinelibrary.wiley.com/doi/full/10.1002/ece3.6305	African Savanna Elephant	Chordata	Mammalia	Proboscidea	Elephantidae	Loxodonta	Loxodonta_Africana	Herbivore	V4	2014	-0.7276	35.3222	2011		249.3333333	12.3	25.9	18.19166667	48.725	20648989.42	2.39	126.5833333	Land	https://aquastat.fao.org/climate-information-tool/complete-climate-data?lat=-0.7276431857066579&lon=35.322175223601896&year=2011&datasource=agera5					studyalsoincludedLoxodontacyclotis	V4	NS	South America
budd4	Budd_et_al_2020	https://onlinelibrary.wiley.com/doi/full/10.1002/ece3.6305	African Savanna Elephant	Chordata	Mammalia	Proboscidea	Elephantidae	Loxodonta	Loxodonta_Africana	Herbivore	V4	2014	-0.7276	35.3222	2011		249.3333333	12.3	25.9	18.19166667	48.725	20648989.42	2.39	126.5833333	Land	https://aquastat.fao.org/climate-information-tool/complete-climate-data?lat=-0.7276431857066579&lon=35.322175223601896&year=2011&datasource=agera5					studyalsoincludedLoxodontacyclotis	V4	NS	South America
budd5	Budd_et_al_2020	https://onlinelibrary.wiley.com/doi/full/10.1002/ece3.6305	African Savanna Elephant	Chordata	Mammalia	Proboscidea	Elephantidae	Loxodonta	Loxodonta_Africana	Herbivore	V4	2014	-0.7276	35.3222	2011		249.3333333	12.3	25.9	18.19166667	48.725	20648989.42	2.39	126.5833333	Land	https://aquastat.fao.org/climate-information-tool/complete-climate-data?lat=-0.7276431857066579&lon=35.322175223601896&year=2011&datasource=agera5					studyalsoincludedLoxodontacyclotis	V4	NS	South America
ibanez1	Ibanez_et_al_2021	https://link.springer.com/article/10.1007/s00114-020-01714-w	Marine Iguana	Chordata	Reptilia	Squamata	Iguanidae	Amblyrhynchus	Amblyrhynchus_Cristatus	Herbivore	V4	982	-0.8292	-91.1353	2016		52.25	17.0	28.5	22.98333333	59.13333333	19581737.0	2.68	124.1666667	Land	https://aquastat.fao.org/climate-information-tool/complete-climate-data?lat=-0.8292374&lon=-91.13530200000001&year=2016&datasource=agera5	samples from different islands				samplesconsistedofvarioussubspecies	V4	AK	Oceania
ibanez2	Ibanez_et_al_2021	https://link.springer.com/article/10.1007/s00114-020-01714-w	Marine Iguana	Chordata	Reptilia	Squamata	Iguanidae	Amblyrhynchus	Amblyrhynchus_Cristatus	Herbivore	V4	982	-0.8292	-91.1353	2016		52.25	17.0	28.5	22.98333333	59.13333333	19581737.0	2.68	124.1666667	Land	https://aquastat.fao.org/climate-information-tool/complete-climate-data?lat=-0.8292374&lon=-91.13530200000001&year=2016&datasource=agera5	samples from different islands				samplesconsistedofvarioussubspecies	V4	AK	Oceania
ibanez3	Ibanez_et_al_2021	https://link.springer.com/article/10.1007/s00114-020-01714-w	Marine Iguana	Chordata	Reptilia	Squamata	Iguanidae	Amblyrhynchus	Amblyrhynchus_Cristatus	Herbivore	V4	982	-0.8292	-91.1353	2016		52.25	17.0	28.5	22.98333333	59.13333333	19581737.0	2.68	124.1666667	Land	https://aquastat.fao.org/climate-information-tool/complete-climate-data?lat=-0.8292374&lon=-91.13530200000001&year=2016&datasource=agera5	samples from different islands				samplesconsistedofvarioussubspecies	V4	AK	Oceania
ibanez4	Ibanez_et_al_2021	https://link.springer.com/article/10.1007/s00114-020-01714-w	Marine Iguana	Chordata	Reptilia	Squamata	Iguanidae	Amblyrhynchus	Amblyrhynchus_Cristatus	Herbivore	V4	982	-0.8292	-91.1353	2016		52.25	17.0	28.5	22.98333333	59.13333333	19581737.0	2.68	124.1666667	Land	https://aquastat.fao.org/climate-information-tool/complete-climate-data?lat=-0.8292374&lon=-91.13530200000001&year=2016&datasource=agera5	samples from different islands				samplesconsistedofvarioussubspecies	V4	AK	Oceania
ibanez5	Ibanez_et_al_2021	https://link.springer.com/article/10.1007/s00114-020-01714-w	Marine Iguana	Chordata	Reptilia	Squamata	Iguanidae	Amblyrhynchus	Amblyrhynchus_Cristatus	Herbivore	V4	982	-0.8292	-91.1353	2016		52.25	17.0	28.5	22.98333333	59.13333333	19581737.0	2.68	124.1666667	Land	https://aquastat.fao.org/climate-information-tool/complete-climate-data?lat=-0.8292374&lon=-91.13530200000001&year=2016&datasource=agera5	samples from different islands				samplesconsistedofvarioussubspecies	V4	AK	Oceania
williams1	Williams_et_al_2022	https://journals.asm.org/doi/full/10.1128/aem.00530-22#F5	Igunian Lizards	Chordata	Reptilia	Squamata	Dactyloidae	Anolis	Anolis_Apletophallus	Herbivore	V4	103	9.0743	-79.6598	2019		170.25	22.6	31.0	26.33333333	74.30833333	16078545.0	2.42	108.1666667	Land	https://aquastat.fao.org/climate-information-tool/complete-climate-data?lat=9.074297699999999&lon=-79.6598053&year=2019&datasource=agera5					Samplesweretakenpost-heat-wave	V4	AK	Asia
williams2	Williams_et_al_2022	https://journals.asm.org/doi/full/10.1128/aem.00530-22#F5	Igunian Lizards	Chordata	Reptilia	Squamata	Dactyloidae	Anolis	Anolis_Apletophallus	Herbivore	V4	103	9.0743	-79.6598	2019		170.25	22.6	31.0	26.33333333	74.30833333	16078545.0	2.42	108.1666667	Land	https://aquastat.fao.org/climate-information-tool/complete-climate-data?lat=9.074297699999999&lon=-79.6598053&year=2019&datasource=agera5					Samplesweretakenpost-heat-wave	V4	AK	Asia
williams3	Williams_et_al_2022	https://journals.asm.org/doi/full/10.1128/aem.00530-22#F5	Igunian Lizards	Chordata	Reptilia	Squamata	Dactyloidae	Anolis	Anolis_Apletophallus	Herbivore	V4	103	9.0743	-79.6598	2019		170.25	22.6	31.0	26.33333333	74.30833333	16078545.0	2.42	108.1666667	Land	https://aquastat.fao.org/climate-information-tool/complete-climate-data?lat=9.074297699999999&lon=-79.6598053&year=2019&datasource=agera5					Samplesweretakenpost-heat-wave	V4	AK	Asia
williams4	Williams_et_al_2022	https://journals.asm.org/doi/full/10.1128/aem.00530-22#F5	Igunian Lizards	Chordata	Reptilia	Squamata	Dactyloidae	Anolis	Anolis_Apletophallus	Herbivore	V4	103	9.0743	-79.6598	2019		170.25	22.6	31.0	26.33333333	74.30833333	16078545.0	2.42	108.1666667	Land	https://aquastat.fao.org/climate-information-tool/complete-climate-data?lat=9.074297699999999&lon=-79.6598053&year=2019&datasource=agera5					Samplesweretakenpost-heat-wave	V4	AK	Asia
williams5	Williams_et_al_2022	https://journals.asm.org/doi/full/10.1128/aem.00530-22#F5	Igunian Lizards	Chordata	Reptilia	Squamata	Dactyloidae	Anolis	Anolis_Apletophallus	Herbivore	V4	103	9.0743	-79.6598	2019		170.25	22.6	31.0	26.33333333	74.30833333	16078545.0	2.42	108.1666667	Land	https://aquastat.fao.org/climate-information-tool/complete-climate-data?lat=9.074297699999999&lon=-79.6598053&year=2019&datasource=agera5					Samplesweretakenpost-heat-wave	V4	AK	Asia
Santos1	Santos_et_al_2021	https://peerj.com/articles/11532/	Asian Common Toad	Chordata	Amphibia	Anura	Bufonidae	Duttaphrynus	Duttaphrynus_Melanostictus	Carnivore	V4	12	-18.1443	49.3958	2016		145.75	17.1	29.9	23.34166667	69.69166667	17565198.58	2.4	108.8333333	Land	https://aquastat.fao.org/climate-information-tool/complete-climate-data?lat=-18.1442811&lon=49.3957836&year=2016&datasource=agera5						V4	DW	North America
Santos2	Santos_et_al_2021	https://peerj.com/articles/11532/	Asian Common Toad	Chordata	Amphibia	Anura	Bufonidae	Duttaphrynus	Duttaphrynus_Melanostictus	Carnivore	V4	12	-18.1443	49.3958	2016		145.75	17.1	29.9	23.34166667	69.69166667	17565198.58	2.4	108.8333333	Land	https://aquastat.fao.org/climate-information-tool/complete-climate-data?lat=-18.1442811&lon=49.3957836&year=2016&datasource=agera5						V4	DW	North America
Santos3	Santos_et_al_2021	https://peerj.com/articles/11532/	Asian Common Toad	Chordata	Amphibia	Anura	Bufonidae	Duttaphrynus	Duttaphrynus_Melanostictus	Carnivore	V4	12	-18.1443	49.3958	2016		145.75	17.1	29.9	23.34166667	69.69166667	17565198.58	2.4	108.8333333	Land	https://aquastat.fao.org/climate-information-tool/complete-climate-data?lat=-18.1442811&lon=49.3957836&year=2016&datasource=agera5						V4	DW	North America
Santos4	Santos_et_al_2021	https://peerj.com/articles/11532/	Asian Common Toad	Chordata	Amphibia	Anura	Bufonidae	Duttaphrynus	Duttaphrynus_Melanostictus	Carnivore	V4	12	-18.1443	49.3958	2016		145.75	17.1	29.9	23.34166667	69.69166667	17565198.58	2.4	108.8333333	Land	https://aquastat.fao.org/climate-information-tool/complete-climate-data?lat=-18.1442811&lon=49.3957836&year=2016&datasource=agera5						V4	DW	North America
Santos5	Santos_et_al_2021	https://peerj.com/articles/11532/	Asian Common Toad	Chordata	Amphibia	Anura	Bufonidae	Duttaphrynus	Duttaphrynus_Melanostictus	Carnivore	V4	12	-18.1443	49.3958	2016		145.75	17.1	29.9	23.34166667	69.69166667	17565198.58	2.4	108.8333333	Land	https://aquastat.fao.org/climate-information-tool/complete-climate-data?lat=-18.1442811&lon=49.3957836&year=2016&datasource=agera5						V4	DW	North America
Fontaine1	Fontaine_et_al_2021	https://academic.oup.com/femsec/article/97/3/fiab021/6129798#supplementary-data	Eastern Newt	Chordata	Amphibia	Urodela	Salamandridae	Notophthalmus	Notophthalmus_Viridescens	Omnivore	V4	305	37.736	-84.2987	2019		127.6666667	-3.2	31.5	14.475	53.29166667	15047065.67	2.68	92.5	Water	https://aquastat.fao.org/climate-information-tool/complete-climate-data?lat=37.7359731&lon=-84.2987483&year=2019&datasource=agera5						V4	DW	Asia
Fontaine2	Fontaine_et_al_2021	https://academic.oup.com/femsec/article/97/3/fiab021/6129798#supplementary-data	Eastern Newt	Chordata	Amphibia	Urodela	Salamandridae	Notophthalmus	Notophthalmus_Viridescens	Omnivore	V4	305	37.736	-84.2987	2019		127.6666667	-3.2	31.5	14.475	53.29166667	15047065.67	2.68	92.5	Water	https://aquastat.fao.org/climate-information-tool/complete-climate-data?lat=37.7359731&lon=-84.2987483&year=2019&datasource=agera5						V4	DW	Asia
Fontaine3	Fontaine_et_al_2021	https://academic.oup.com/femsec/article/97/3/fiab021/6129798#supplementary-data	Eastern Newt	Chordata	Amphibia	Urodela	Salamandridae	Notophthalmus	Notophthalmus_Viridescens	Omnivore	V4	305	37.736	-84.2987	2019		127.6666667	-3.2	31.5	14.475	53.29166667	15047065.67	2.68	92.5	Water	https://aquastat.fao.org/climate-information-tool/complete-climate-data?lat=37.7359731&lon=-84.2987483&year=2019&datasource=agera5						V4	DW	Asia
Fontaine4	Fontaine_et_al_2021	https://academic.oup.com/femsec/article/97/3/fiab021/6129798#supplementary-data	Eastern Newt	Chordata	Amphibia	Urodela	Salamandridae	Notophthalmus	Notophthalmus_Viridescens	Omnivore	V4	305	37.736	-84.2987	2019		127.6666667	-3.2	31.5	14.475	53.29166667	15047065.67	2.68	92.5	Water	https://aquastat.fao.org/climate-information-tool/complete-climate-data?lat=37.7359731&lon=-84.2987483&year=2019&datasource=agera5						V4	DW	Asia
Fontaine5	Fontaine_et_al_2021	https://academic.oup.com/femsec/article/97/3/fiab021/6129798#supplementary-data	Eastern Newt	Chordata	Amphibia	Urodela	Salamandridae	Notophthalmus	Notophthalmus_Viridescens	Omnivore	V4	305	37.736	-84.2987	2019		127.6666667	-3.2	31.5	14.475	53.29166667	15047065.67	2.68	92.5	Water	https://aquastat.fao.org/climate-information-tool/complete-climate-data?lat=37.7359731&lon=-84.2987483&year=2019&datasource=agera5						V4	DW	Asia
Gong1	Gong_et_al_2022	https://link.springer.com/article/10.1186/s42523-022-00200-0	Earthworm	Annelida	Clitellata	Crassiclitellata	Lumbricidae	Aporrectodea	Aporrectodea_Rosea	Omnivore	V4	472	29.3784	16.7274	2016		61.58333333	-4.8	23.3	8.575	65.58333333	11432314.33	3.17	62.5	Land	https://aquastat.fao.org/climate-information-tool/complete-climate-data?lat=49.3784281&lon=16.7273827&year=2016&datasource=agera5	samples from inside caves - climate may not be accurate					V4	DW	North America
Gong2	Gong_et_al_2022	https://link.springer.com/article/10.1186/s42523-022-00200-0	Earthworm	Annelida	Clitellata	Crassiclitellata	Lumbricidae	Aporrectodea	Aporrectodea_Rosea	Omnivore	V4	472	29.3784	16.7274	2016		61.58333333	-4.8	23.3	8.575	65.58333333	11432314.33	3.17	62.5	Land	https://aquastat.fao.org/climate-information-tool/complete-climate-data?lat=49.3784281&lon=16.7273827&year=2016&datasource=agera5	samples from inside caves - climate may not be accurate					V4	DW	North America
Gong3	Gong_et_al_2022	https://link.springer.com/article/10.1186/s42523-022-00200-0	Earthworm	Annelida	Clitellata	Crassiclitellata	Lumbricidae	Aporrectodea	Aporrectodea_Rosea	Omnivore	V4	472	29.3784	16.7274	2016		61.58333333	-4.8	23.3	8.575	65.58333333	11432314.33	3.17	62.5	Land	https://aquastat.fao.org/climate-information-tool/complete-climate-data?lat=49.3784281&lon=16.7273827&year=2016&datasource=agera5	samples from inside caves - climate may not be accurate					V4	DW	North America
Gong4	Gong_et_al_2022	https://link.springer.com/article/10.1186/s42523-022-00200-0	Earthworm	Annelida	Clitellata	Crassiclitellata	Lumbricidae	Aporrectodea	Aporrectodea_Rosea	Omnivore	V4	472	29.3784	16.7274	2016		61.58333333	-4.8	23.3	8.575	65.58333333	11432314.33	3.17	62.5	Land	https://aquastat.fao.org/climate-information-tool/complete-climate-data?lat=49.3784281&lon=16.7273827&year=2016&datasource=agera5	samples from inside caves - climate may not be accurate					V4	DW	North America
Gong5	Gong_et_al_2022	https://link.springer.com/article/10.1186/s42523-022-00200-0	Earthworm	Annelida	Clitellata	Crassiclitellata	Lumbricidae	Aporrectodea	Aporrectodea_Rosea	Omnivore	V4	472	29.3784	16.7274	2016		61.58333333	-4.8	23.3	8.575	65.58333333	11432314.33	3.17	62.5	Land	https://aquastat.fao.org/climate-information-tool/complete-climate-data?lat=49.3784281&lon=16.7273827&year=2016&datasource=agera5	samples from inside caves - climate may not be accurate					V4	DW	North America
bai1	Bai_et_al_2022	https://www.mdpi.com/2076-2607/10/3/572	Melon-Headed Whale	Chordata	Mammalia	Cetacea	Delphinidae	Peponocephala	Peponocephala_Electra	Carnivore	V4	11	28.8584	121.145	2021		175.25	1.5	30.9	17.90833333	66.5	12849678.58	1.77	77.25	Water	https://aquastat.fao.org/climate-information-tool/complete-climate-data?lat=28.8583999&lon=121.14495&year=2021&datasource=agera5						V4	NS	Asia
bai2	Bai_et_al_2022	https://www.mdpi.com/2076-2607/10/3/572	Melon-Headed Whale	Chordata	Mammalia	Cetacea	Delphinidae	Peponocephala	Peponocephala_Electra	Carnivore	V4	11	28.8584	121.145	2021		175.25	1.5	30.9	17.90833333	66.5	12849678.58	1.77	77.25	Water	https://aquastat.fao.org/climate-information-tool/complete-climate-data?lat=28.8583999&lon=121.14495&year=2021&datasource=agera5						V4	NS	Asia
bai3	Bai_et_al_2022	https://www.mdpi.com/2076-2607/10/3/572	Melon-Headed Whale	Chordata	Mammalia	Cetacea	Delphinidae	Peponocephala	Peponocephala_Electra	Carnivore	V4	11	28.8584	121.145	2021		175.25	1.5	30.9	17.90833333	66.5	12849678.58	1.77	77.25	Water	https://aquastat.fao.org/climate-information-tool/complete-climate-data?lat=28.8583999&lon=121.14495&year=2021&datasource=agera5						V4	NS	Asia
bai4	Bai_et_al_2022	https://www.mdpi.com/2076-2607/10/3/572	Melon-Headed Whale	Chordata	Mammalia	Cetacea	Delphinidae	Peponocephala	Peponocephala_Electra	Carnivore	V4	11	28.8584	121.145	2021		175.25	1.5	30.9	17.90833333	66.5	12849678.58	1.77	77.25	Water	https://aquastat.fao.org/climate-information-tool/complete-climate-data?lat=28.8583999&lon=121.14495&year=2021&datasource=agera5						V4	NS	Asia
bai5	Bai_et_al_2022	https://www.mdpi.com/2076-2607/10/3/572	Melon-Headed Whale	Chordata	Mammalia	Cetacea	Delphinidae	Peponocephala	Peponocephala_Electra	Carnivore	V4	11	28.8584	121.145	2021		175.25	1.5	30.9	17.90833333	66.5	12849678.58	1.77	77.25	Water	https://aquastat.fao.org/climate-information-tool/complete-climate-data?lat=28.8583999&lon=121.14495&year=2021&datasource=agera5						V4	NS	Asia
kesnerova1	Kesnerova_et_al_2019	https://www.nature.com/articles/s41396-019-0568-8	European Honeybee	Arthropoda	Insecta	Hymenoptera	Apidae	Apis	Apis_Mellifera	Herbivore	V4	414	46.5296	6.5615	2018		121.9166667	-3.3	25.2	10.75	65.5	13653641.17	2.54	68.83333333	Land	https://aquastat.fao.org/climate-information-tool/complete-climate-data?lat=46.5296363&lon=6.561525199999999&year=2018&datasource=agera5	sampling done from july 2017 to january 2019					V4	NS	Europe
kesnerova2	Kesnerova_et_al_2019	https://www.nature.com/articles/s41396-019-0568-8	European Honeybee	Arthropoda	Insecta	Hymenoptera	Apidae	Apis	Apis_Mellifera	Herbivore	V4	414	46.5296	6.5615	2018		121.9166667	-3.3	25.2	10.75	65.5	13653641.17	2.54	68.83333333	Land	https://aquastat.fao.org/climate-information-tool/complete-climate-data?lat=46.5296363&lon=6.561525199999999&year=2018&datasource=agera5	sampling done from july 2017 to january 2019					V4	NS	Europe
kesnerova3	Kesnerova_et_al_2019	https://www.nature.com/articles/s41396-019-0568-8	European Honeybee	Arthropoda	Insecta	Hymenoptera	Apidae	Apis	Apis_Mellifera	Herbivore	V4	414	46.5296	6.5615	2018		121.9166667	-3.3	25.2	10.75	65.5	13653641.17	2.54	68.83333333	Land	https://aquastat.fao.org/climate-information-tool/complete-climate-data?lat=46.5296363&lon=6.561525199999999&year=2018&datasource=agera5	sampling done from july 2017 to january 2019					V4	NS	Europe
kesnerova4	Kesnerova_et_al_2019	https://www.nature.com/articles/s41396-019-0568-8	European Honeybee	Arthropoda	Insecta	Hymenoptera	Apidae	Apis	Apis_Mellifera	Herbivore	V4	414	46.5296	6.5615	2018		121.9166667	-3.3	25.2	10.75	65.5	13653641.17	2.54	68.83333333	Land	https://aquastat.fao.org/climate-information-tool/complete-climate-data?lat=46.5296363&lon=6.561525199999999&year=2018&datasource=agera5	sampling done from july 2017 to january 2019					V4	NS	Europe
kesnerova5	Kesnerova_et_al_2019	https://www.nature.com/articles/s41396-019-0568-8	European Honeybee	Arthropoda	Insecta	Hymenoptera	Apidae	Apis	Apis_Mellifera	Herbivore	V4	414	46.5296	6.5615	2018		121.9166667	-3.3	25.2	10.75	65.5	13653641.17	2.54	68.83333333	Land	https://aquastat.fao.org/climate-information-tool/complete-climate-data?lat=46.5296363&lon=6.561525199999999&year=2018&datasource=agera5	sampling done from july 2017 to january 2019					V4	NS	Europe
herder1	Herder_et_al_2021	https://www.frontiersin.org/articles/10.3389/fevo.2020.597756/full	Anna's Hummingbird	Chordata	Aves	Apodiformes	Trochilidae	Calypte	Calypte_Anna	Herbivore	V4	85	40.1999	-122.2011	2018		54.5	4.5	39.3	18.28333333	35.25	18196409.0	2.92	134.3333333	Air	https://aquastat.fao.org/climate-information-tool/complete-climate-data?lat=40.19987769999999&lon=-122.2011075&year=2018&datasource=agera5	significant sample range and variation in elevation					V4	NS	Africa
herder2	Herder_et_al_2021	https://www.frontiersin.org/articles/10.3389/fevo.2020.597756/full	Anna's Hummingbird	Chordata	Aves	Apodiformes	Trochilidae	Calypte	Calypte_Anna	Herbivore	V4	85	40.1999	-122.2011	2018		54.5	4.5	39.3	18.28333333	35.25	18196409.0	2.92	134.3333333	Air	https://aquastat.fao.org/climate-information-tool/complete-climate-data?lat=40.19987769999999&lon=-122.2011075&year=2018&datasource=agera5	significant sample range and variation in elevation					V4	NS	Africa
herder3	Herder_et_al_2021	https://www.frontiersin.org/articles/10.3389/fevo.2020.597756/full	Anna's Hummingbird	Chordata	Aves	Apodiformes	Trochilidae	Calypte	Calypte_Anna	Herbivore	V4	85	40.1999	-122.2011	2018		54.5	4.5	39.3	18.28333333	35.25	18196409.0	2.92	134.3333333	Air	https://aquastat.fao.org/climate-information-tool/complete-climate-data?lat=40.19987769999999&lon=-122.2011075&year=2018&datasource=agera5	significant sample range and variation in elevation					V4	NS	Africa
herder4	Herder_et_al_2021	https://www.frontiersin.org/articles/10.3389/fevo.2020.597756/full	Anna's Hummingbird	Chordata	Aves	Apodiformes	Trochilidae	Calypte	Calypte_Anna	Herbivore	V4	85	40.1999	-122.2011	2018		54.5	4.5	39.3	18.28333333	35.25	18196409.0	2.92	134.3333333	Air	https://aquastat.fao.org/climate-information-tool/complete-climate-data?lat=40.19987769999999&lon=-122.2011075&year=2018&datasource=agera5	significant sample range and variation in elevation					V4	NS	Africa
herder5	Herder_et_al_2021	https://www.frontiersin.org/articles/10.3389/fevo.2020.597756/full	Anna's Hummingbird	Chordata	Aves	Apodiformes	Trochilidae	Calypte	Calypte_Anna	Herbivore	V4	85	40.1999	-122.2011	2018		54.5	4.5	39.3	18.28333333	35.25	18196409.0	2.92	134.3333333	Air	https://aquastat.fao.org/climate-information-tool/complete-climate-data?lat=40.19987769999999&lon=-122.2011075&year=2018&datasource=agera5	significant sample range and variation in elevation					V4	NS	Africa
Griffin1	Griffin_et_al_2020	https://link.springer.com/article/10.1007/s00248-020-01553-2	Blue Mussel	Mollusca	Bivalvia	Mytilida	Mytilidae	Mytilus	Mytilus_Edulis	Herbivore	V4	5	41.3179	-72.0647	2019		125.1666667	-6.2	28.2	10.53333333	58.88333333	14562999.5	3.58	77.33333333	Water	https://aquastat.fao.org/climate-information-tool/complete-climate-data?lat=41.3179294&lon=-72.0647414&year=2019&datasource=agera5						V4	NT	Asia
Griffin2	Griffin_et_al_2020	https://link.springer.com/article/10.1007/s00248-020-01553-2	Blue Mussel	Mollusca	Bivalvia	Mytilida	Mytilidae	Mytilus	Mytilus_Edulis	Herbivore	V4	5	41.3179	-72.0647	2019		125.1666667	-6.2	28.2	10.53333333	58.88333333	14562999.5	3.58	77.33333333	Water	https://aquastat.fao.org/climate-information-tool/complete-climate-data?lat=41.3179294&lon=-72.0647414&year=2019&datasource=agera5						V4	NT	Asia
Griffin3	Griffin_et_al_2020	https://link.springer.com/article/10.1007/s00248-020-01553-2	Blue Mussel	Mollusca	Bivalvia	Mytilida	Mytilidae	Mytilus	Mytilus_Edulis	Herbivore	V4	5	41.3179	-72.0647	2019		125.1666667	-6.2	28.2	10.53333333	58.88333333	14562999.5	3.58	77.33333333	Water	https://aquastat.fao.org/climate-information-tool/complete-climate-data?lat=41.3179294&lon=-72.0647414&year=2019&datasource=agera5						V4	NT	Asia
Griffin4	Griffin_et_al_2020	https://link.springer.com/article/10.1007/s00248-020-01553-2	Blue Mussel	Mollusca	Bivalvia	Mytilida	Mytilidae	Mytilus	Mytilus_Edulis	Herbivore	V4	5	41.3179	-72.0647	2019		125.1666667	-6.2	28.2	10.53333333	58.88333333	14562999.5	3.58	77.33333333	Water	https://aquastat.fao.org/climate-information-tool/complete-climate-data?lat=41.3179294&lon=-72.0647414&year=2019&datasource=agera5						V4	NT	Asia
Griffin5	Griffin_et_al_2020	https://link.springer.com/article/10.1007/s00248-020-01553-2	Blue Mussel	Mollusca	Bivalvia	Mytilida	Mytilidae	Mytilus	Mytilus_Edulis	Herbivore	V4	5	41.3179	-72.0647	2019		125.1666667	-6.2	28.2	10.53333333	58.88333333	14562999.5	3.58	77.33333333	Water	https://aquastat.fao.org/climate-information-tool/complete-climate-data?lat=41.3179294&lon=-72.0647414&year=2019&datasource=agera5						V4	NT	Asia
Chouaia1	Chouaia_et_al_2019	https://ami-journals.onlinelibrary.wiley.com/doi/full/10.1111/1462-2920.14797	Japanese Beetle	Arthropoda	Insecta	Coleopetra	Scarabaeidae	Popillia	Popillia_Japonica	Herbivore	V4	234	45.5952	8.635	2017		87.33333333	-2.5	29.4	13.41666667	55.94166667	13897604.67	2.17	79.16666667	Land	https://aquastat.fao.org/climate-information-tool/complete-climate-data?lat=45.5951746&lon=8.6350077&year=2017&datasource=agera5					truc-len-f145	V4	NT	Oceania
Chouaia2	Chouaia_et_al_2019	https://ami-journals.onlinelibrary.wiley.com/doi/full/10.1111/1462-2920.14797	Japanese Beetle	Arthropoda	Insecta	Coleopetra	Scarabaeidae	Popillia	Popillia_Japonica	Herbivore	V4	234	45.5952	8.635	2017		87.33333333	-2.5	29.4	13.41666667	55.94166667	13897604.67	2.17	79.16666667	Land	https://aquastat.fao.org/climate-information-tool/complete-climate-data?lat=45.5951746&lon=8.6350077&year=2017&datasource=agera5					truc-len-f145	V4	NT	Oceania
Chouaia3	Chouaia_et_al_2019	https://ami-journals.onlinelibrary.wiley.com/doi/full/10.1111/1462-2920.14797	Japanese Beetle	Arthropoda	Insecta	Coleopetra	Scarabaeidae	Popillia	Popillia_Japonica	Herbivore	V4	234	45.5952	8.635	2017		87.33333333	-2.5	29.4	13.41666667	55.94166667	13897604.67	2.17	79.16666667	Land	https://aquastat.fao.org/climate-information-tool/complete-climate-data?lat=45.5951746&lon=8.6350077&year=2017&datasource=agera5					truc-len-f145	V4	NT	Oceania
Chouaia4	Chouaia_et_al_2019	https://ami-journals.onlinelibrary.wiley.com/doi/full/10.1111/1462-2920.14797	Japanese Beetle	Arthropoda	Insecta	Coleopetra	Scarabaeidae	Popillia	Popillia_Japonica	Herbivore	V4	234	45.5952	8.635	2017		87.33333333	-2.5	29.4	13.41666667	55.94166667	13897604.67	2.17	79.16666667	Land	https://aquastat.fao.org/climate-information-tool/complete-climate-data?lat=45.5951746&lon=8.6350077&year=2017&datasource=agera5					truc-len-f145	V4	NT	Oceania
Chouaia5	Chouaia_et_al_2019	https://ami-journals.onlinelibrary.wiley.com/doi/full/10.1111/1462-2920.14797	Japanese Beetle	Arthropoda	Insecta	Coleopetra	Scarabaeidae	Popillia	Popillia_Japonica	Herbivore	V4	234	45.5952	8.635	2017		87.33333333	-2.5	29.4	13.41666667	55.94166667	13897604.67	2.17	79.16666667	Land	https://aquastat.fao.org/climate-information-tool/complete-climate-data?lat=45.5951746&lon=8.6350077&year=2017&datasource=agera5					truc-len-f145	V4	NT	Oceania
McCauley1	McCauley_et_al_2020	https://onlinelibrary.wiley.com/doi/full/10.1002/ece3.6413	Amazonian Catfish	Chordata	Actinopterygii	Siluriformes	Loricariidae	Panaqolus	Panaqolus_Albomaculatus	Detritivore	V4	192	-4.5894	-77.8528	2006		202.75	21.4	31.2	26.10833333	65.59166667	18748699.33	1.13	118.25	Water	https://aquastat.fao.org/climate-information-tool/complete-climate-data?lat=-4.589444&lon=-77.852778&year=2006&datasource=agera5						V4	EK	Asia
McCauley2	McCauley_et_al_2020	https://onlinelibrary.wiley.com/doi/full/10.1002/ece3.6413	Amazonian Catfish	Chordata	Actinopterygii	Siluriformes	Loricariidae	Panaqolus	Panaqolus_Albomaculatus	Detritivore	V4	192	-4.5894	-77.8528	2006		202.75	21.4	31.2	26.10833333	65.59166667	18748699.33	1.13	118.25	Water	https://aquastat.fao.org/climate-information-tool/complete-climate-data?lat=-4.589444&lon=-77.852778&year=2006&datasource=agera5						V4	EK	Asia
McCauley3	McCauley_et_al_2020	https://onlinelibrary.wiley.com/doi/full/10.1002/ece3.6413	Amazonian Catfish	Chordata	Actinopterygii	Siluriformes	Loricariidae	Panaqolus	Panaqolus_Albomaculatus	Detritivore	V4	192	-4.5894	-77.8528	2006		202.75	21.4	31.2	26.10833333	65.59166667	18748699.33	1.13	118.25	Water	https://aquastat.fao.org/climate-information-tool/complete-climate-data?lat=-4.589444&lon=-77.852778&year=2006&datasource=agera5						V4	EK	Asia
McCauley4	McCauley_et_al_2020	https://onlinelibrary.wiley.com/doi/full/10.1002/ece3.6413	Amazonian Catfish	Chordata	Actinopterygii	Siluriformes	Loricariidae	Panaqolus	Panaqolus_Albomaculatus	Detritivore	V4	192	-4.5894	-77.8528	2006		202.75	21.4	31.2	26.10833333	65.59166667	18748699.33	1.13	118.25	Water	https://aquastat.fao.org/climate-information-tool/complete-climate-data?lat=-4.589444&lon=-77.852778&year=2006&datasource=agera5						V4	EK	Asia
McCauley5	McCauley_et_al_2020	https://onlinelibrary.wiley.com/doi/full/10.1002/ece3.6413	Amazonian Catfish	Chordata	Actinopterygii	Siluriformes	Loricariidae	Panaqolus	Panaqolus_Albomaculatus	Detritivore	V4	192	-4.5894	-77.8528	2006		202.75	21.4	31.2	26.10833333	65.59166667	18748699.33	1.13	118.25	Water	https://aquastat.fao.org/climate-information-tool/complete-climate-data?lat=-4.589444&lon=-77.852778&year=2006&datasource=agera5						V4	EK	Asia
yanez-montalvo1	Yanez-Montalvo_et_al_2021	https://link.springer.com/article/10.1007/s00284-021-02531-8	Baird's Tapir	Chordata	Mammalia	Perissodactyla	Tapiridae	Tapirus	Tapirus_Bairdii	Herbivore	V4	247	18.6097	-89.3025	2018		61.16666667	17.3	33.4	26.04166667	50.81666667	18382602.42	3.1	141.0833333	Land	https://aquastat.fao.org/climate-information-tool/complete-climate-data?lat=18.6097222&lon=-89.3025&year=2018&datasource=agera5	sampling done from two regions with slight environmental variability					V4	ES	Asia
yanez-montalvo2	Yanez-Montalvo_et_al_2021	https://link.springer.com/article/10.1007/s00284-021-02531-8	Baird's Tapir	Chordata	Mammalia	Perissodactyla	Tapiridae	Tapirus	Tapirus_Bairdii	Herbivore	V4	247	18.6097	-89.3025	2018		61.16666667	17.3	33.4	26.04166667	50.81666667	18382602.42	3.1	141.0833333	Land	https://aquastat.fao.org/climate-information-tool/complete-climate-data?lat=18.6097222&lon=-89.3025&year=2018&datasource=agera5	sampling done from two regions with slight environmental variability					V4	ES	Asia
yanez-montalvo3	Yanez-Montalvo_et_al_2021	https://link.springer.com/article/10.1007/s00284-021-02531-8	Baird's Tapir	Chordata	Mammalia	Perissodactyla	Tapiridae	Tapirus	Tapirus_Bairdii	Herbivore	V4	247	18.6097	-89.3025	2018		61.16666667	17.3	33.4	26.04166667	50.81666667	18382602.42	3.1	141.0833333	Land	https://aquastat.fao.org/climate-information-tool/complete-climate-data?lat=18.6097222&lon=-89.3025&year=2018&datasource=agera5	sampling done from two regions with slight environmental variability					V4	ES	Asia
yanez-montalvo4	Yanez-Montalvo_et_al_2021	https://link.springer.com/article/10.1007/s00284-021-02531-8	Baird's Tapir	Chordata	Mammalia	Perissodactyla	Tapiridae	Tapirus	Tapirus_Bairdii	Herbivore	V4	247	18.6097	-89.3025	2018		61.16666667	17.3	33.4	26.04166667	50.81666667	18382602.42	3.1	141.0833333	Land	https://aquastat.fao.org/climate-information-tool/complete-climate-data?lat=18.6097222&lon=-89.3025&year=2018&datasource=agera5	sampling done from two regions with slight environmental variability					V4	ES	Asia
yanez-montalvo5	Yanez-Montalvo_et_al_2021	https://link.springer.com/article/10.1007/s00284-021-02531-8	Baird's Tapir	Chordata	Mammalia	Perissodactyla	Tapiridae	Tapirus	Tapirus_Bairdii	Herbivore	V4	247	18.6097	-89.3025	2018		61.16666667	17.3	33.4	26.04166667	50.81666667	18382602.42	3.1	141.0833333	Land	https://aquastat.fao.org/climate-information-tool/complete-climate-data?lat=18.6097222&lon=-89.3025&year=2018&datasource=agera5	sampling done from two regions with slight environmental variability					V4	ES	Asia
nones1	Nones_et_al_2021	https://www.mdpi.com/2075-4450/12/10/881	Oak Pinhole Borer	Arthropoda	Insecta	Coleoptera	Curculionidae	Platypus	Platypus_Cylindrus	Omnivore	V4	186	38.2004	-7.8001	2018		51.5	5.5	34.9	16.73333333	55.1	16601852.25	3.08	103.5	Land	https://aquastat.fao.org/climate-information-tool/complete-climate-data?lat=38.2003808&lon=-7.800084999999998&year=2018&datasource=agera5						V4	AK	Asia
nones2	Nones_et_al_2021	https://www.mdpi.com/2075-4450/12/10/881	Oak Pinhole Borer	Arthropoda	Insecta	Coleoptera	Curculionidae	Platypus	Platypus_Cylindrus	Omnivore	V4	186	38.2004	-7.8001	2018		51.5	5.5	34.9	16.73333333	55.1	16601852.25	3.08	103.5	Land	https://aquastat.fao.org/climate-information-tool/complete-climate-data?lat=38.2003808&lon=-7.800084999999998&year=2018&datasource=agera5						V4	AK	Asia
nones3	Nones_et_al_2021	https://www.mdpi.com/2075-4450/12/10/881	Oak Pinhole Borer	Arthropoda	Insecta	Coleoptera	Curculionidae	Platypus	Platypus_Cylindrus	Omnivore	V4	186	38.2004	-7.8001	2018		51.5	5.5	34.9	16.73333333	55.1	16601852.25	3.08	103.5	Land	https://aquastat.fao.org/climate-information-tool/complete-climate-data?lat=38.2003808&lon=-7.800084999999998&year=2018&datasource=agera5						V4	AK	Asia
nones4	Nones_et_al_2021	https://www.mdpi.com/2075-4450/12/10/881	Oak Pinhole Borer	Arthropoda	Insecta	Coleoptera	Curculionidae	Platypus	Platypus_Cylindrus	Omnivore	V4	186	38.2004	-7.8001	2018		51.5	5.5	34.9	16.73333333	55.1	16601852.25	3.08	103.5	Land	https://aquastat.fao.org/climate-information-tool/complete-climate-data?lat=38.2003808&lon=-7.800084999999998&year=2018&datasource=agera5						V4	AK	Asia
nones5	Nones_et_al_2021	https://www.mdpi.com/2075-4450/12/10/881	Oak Pinhole Borer	Arthropoda	Insecta	Coleoptera	Curculionidae	Platypus	Platypus_Cylindrus	Omnivore	V4	186	38.2004	-7.8001	2018		51.5	5.5	34.9	16.73333333	55.1	16601852.25	3.08	103.5	Land	https://aquastat.fao.org/climate-information-tool/complete-climate-data?lat=38.2003808&lon=-7.800084999999998&year=2018&datasource=agera5						V4	AK	Asia
suenami1	Suenami-et-al-2019	https://www.nature.com/articles/s41598-019-46388-1	Asian Giant Hornet	Arthropoda	Insecta	Hymenoptera	Vespidae	Vespa	Vespa_Mandarinia	Omnivore	V4	27	35.7127	139.762	2017		126.25	-0.5	31.3	15.06666667	56.725	14340546.5	3.99	92.33333333	Land	https://aquastat.fao.org/climate-information-tool/complete-climate-data?lat=35.7126775&lon=139.761989&year=2017&datasource=agera5	two sites but both in Tokyo				AlsoincludedVespasimillima	V4	NS	Asia
suenami2	Suenami-et-al-2019	https://www.nature.com/articles/s41598-019-46388-1	Asian Giant Hornet	Arthropoda	Insecta	Hymenoptera	Vespidae	Vespa	Vespa_Mandarinia	Omnivore	V4	27	35.7127	139.762	2017		126.25	-0.5	31.3	15.06666667	56.725	14340546.5	3.99	92.33333333	Land	https://aquastat.fao.org/climate-information-tool/complete-climate-data?lat=35.7126775&lon=139.761989&year=2017&datasource=agera5	two sites but both in Tokyo				AlsoincludedVespasimillima	V4	NS	Asia
suenami3	Suenami-et-al-2019	https://www.nature.com/articles/s41598-019-46388-1	Asian Giant Hornet	Arthropoda	Insecta	Hymenoptera	Vespidae	Vespa	Vespa_Mandarinia	Omnivore	V4	27	35.7127	139.762	2017		126.25	-0.5	31.3	15.06666667	56.725	14340546.5	3.99	92.33333333	Land	https://aquastat.fao.org/climate-information-tool/complete-climate-data?lat=35.7126775&lon=139.761989&year=2017&datasource=agera5	two sites but both in Tokyo				AlsoincludedVespasimillima	V4	NS	Asia
suenami4	Suenami-et-al-2019	https://www.nature.com/articles/s41598-019-46388-1	Asian Giant Hornet	Arthropoda	Insecta	Hymenoptera	Vespidae	Vespa	Vespa_Mandarinia	Omnivore	V4	27	35.7127	139.762	2017		126.25	-0.5	31.3	15.06666667	56.725	14340546.5	3.99	92.33333333	Land	https://aquastat.fao.org/climate-information-tool/complete-climate-data?lat=35.7126775&lon=139.761989&year=2017&datasource=agera5	two sites but both in Tokyo				AlsoincludedVespasimillima	V4	NS	Asia
suenami5	Suenami-et-al-2019	https://www.nature.com/articles/s41598-019-46388-1	Asian Giant Hornet	Arthropoda	Insecta	Hymenoptera	Vespidae	Vespa	Vespa_Mandarinia	Omnivore	V4	27	35.7127	139.762	2017		126.25	-0.5	31.3	15.06666667	56.725	14340546.5	3.99	92.33333333	Land	https://aquastat.fao.org/climate-information-tool/complete-climate-data?lat=35.7126775&lon=139.761989&year=2017&datasource=agera5	two sites but both in Tokyo				AlsoincludedVespasimillima	V4	NS	Asia
Pierce-Crassostrea-Virginica1	Pierce-et-al-2019	https://journals.asm.org/doi/10.1128/mSphere.00730-19	Eastern Oyster	Mollusca	Bivalvia	Ostreida	Ostreidae	Crassostrea	Crassostrea_Virginica	Herbivore	V4	5	41.3179	-72.0647	2014		103.25	-8.1	25.9	9.733333333	57.9	14771757.25	3.53	76.16666667	Water	https://aquastat.fao.org/climate-information-tool/complete-climate-data?lat=41.3179294&lon=-72.0647414&year=2014&datasource=agera5						V4	NS	Asia
Pierce-Crassostrea-Virginica2	Pierce-et-al-2019	https://journals.asm.org/doi/10.1128/mSphere.00730-19	Eastern Oyster	Mollusca	Bivalvia	Ostreida	Ostreidae	Crassostrea	Crassostrea_Virginica	Herbivore	V4	5	41.3179	-72.0647	2014		103.25	-8.1	25.9	9.733333333	57.9	14771757.25	3.53	76.16666667	Water	https://aquastat.fao.org/climate-information-tool/complete-climate-data?lat=41.3179294&lon=-72.0647414&year=2014&datasource=agera5						V4	NS	Asia
Pierce-Crassostrea-Virginica3	Pierce-et-al-2019	https://journals.asm.org/doi/10.1128/mSphere.00730-19	Eastern Oyster	Mollusca	Bivalvia	Ostreida	Ostreidae	Crassostrea	Crassostrea_Virginica	Herbivore	V4	5	41.3179	-72.0647	2014		103.25	-8.1	25.9	9.733333333	57.9	14771757.25	3.53	76.16666667	Water	https://aquastat.fao.org/climate-information-tool/complete-climate-data?lat=41.3179294&lon=-72.0647414&year=2014&datasource=agera5						V4	NS	Asia
Pierce-Crassostrea-Virginica4	Pierce-et-al-2019	https://journals.asm.org/doi/10.1128/mSphere.00730-19	Eastern Oyster	Mollusca	Bivalvia	Ostreida	Ostreidae	Crassostrea	Crassostrea_Virginica	Herbivore	V4	5	41.3179	-72.0647	2014		103.25	-8.1	25.9	9.733333333	57.9	14771757.25	3.53	76.16666667	Water	https://aquastat.fao.org/climate-information-tool/complete-climate-data?lat=41.3179294&lon=-72.0647414&year=2014&datasource=agera5						V4	NS	Asia
Pierce-Crassostrea-Virginica5	Pierce-et-al-2019	https://journals.asm.org/doi/10.1128/mSphere.00730-19	Eastern Oyster	Mollusca	Bivalvia	Ostreida	Ostreidae	Crassostrea	Crassostrea_Virginica	Herbivore	V4	5	41.3179	-72.0647	2014		103.25	-8.1	25.9	9.733333333	57.9	14771757.25	3.53	76.16666667	Water	https://aquastat.fao.org/climate-information-tool/complete-climate-data?lat=41.3179294&lon=-72.0647414&year=2014&datasource=agera5						V4	NS	Asia
Weng1	Wengetal2016	https://bmcgenomics.biomedcentral.com/articles/10.1186/s12864-016-3318-6	Brown Tree Frog	Chordata	Amphibia	Anura	Rhacophoridae	Polypedates	Polypedates_megacephalus	Carnivore	V4	2	25.1678	121.4143	2014		102.75	13.3	29.7	21.875	77.05	15344518.25	4.74	103.5	Land	https://aquastat.fao.org/climate-information-tool/complete-climate-data?lat=25.16775&lon=121.41432&year=2014&datasource=agera5						V4	NT	Asia
Weng2	Wengetal2016	https://bmcgenomics.biomedcentral.com/articles/10.1186/s12864-016-3318-6	Brown Tree Frog	Chordata	Amphibia	Anura	Rhacophoridae	Polypedates	Polypedates_megacephalus	Carnivore	V4	2	25.1678	121.4143	2014		102.75	13.3	29.7	21.875	77.05	15344518.25	4.74	103.5	Land	https://aquastat.fao.org/climate-information-tool/complete-climate-data?lat=25.16775&lon=121.41432&year=2014&datasource=agera5						V4	NT	Asia
Wang_Gymnocypris_przewalskii1	Wangetal2021	https://www.ncbi.nlm.nih.gov/pmc/articles/PMC8354547/	Naked Carp	Chordata	Actinopterygii	Cypriniformes	Cyprinidae	Gymnocypris	Gymnocypris_przewalskii	Omnivore	V4	3195	36.7599	100.3498	2021	N	44.33333333	-15.5	17.1	1.758333333	65.46666667	19541260.17	3.52	73.25	Water	https://aquastat.fao.org/climate-information-tool/complete-climate-data?lat=36.75990290000001&lon=100.3497895&year=2021&datasource=agera5						V4	AK	Asia
Wang_Gymnocypris_przewalskii2	Wangetal2021	https://www.ncbi.nlm.nih.gov/pmc/articles/PMC8354547/	Naked Carp	Chordata	Actinopterygii	Cypriniformes	Cyprinidae	Gymnocypris	Gymnocypris_przewalskii	Omnivore	V4	3195	36.7599	100.3498	2021	N	44.33333333	-15.5	17.1	1.758333333	65.46666667	19541260.17	3.52	73.25	Water	https://aquastat.fao.org/climate-information-tool/complete-climate-data?lat=36.75990290000001&lon=100.3497895&year=2021&datasource=agera5						V4	AK	Asia
Wang_Gymnocypris_przewalskii3	Wangetal2021	https://www.ncbi.nlm.nih.gov/pmc/articles/PMC8354547/	Naked Carp	Chordata	Actinopterygii	Cypriniformes	Cyprinidae	Gymnocypris	Gymnocypris_przewalskii	Omnivore	V4	3195	36.7599	100.3498	2021	N	44.33333333	-15.5	17.1	1.758333333	65.46666667	19541260.17	3.52	73.25	Water	https://aquastat.fao.org/climate-information-tool/complete-climate-data?lat=36.75990290000001&lon=100.3497895&year=2021&datasource=agera5						V4	AK	Asia
Wang_Gymnocypris_przewalskii4	Wangetal2021	https://www.ncbi.nlm.nih.gov/pmc/articles/PMC8354547/	Naked Carp	Chordata	Actinopterygii	Cypriniformes	Cyprinidae	Gymnocypris	Gymnocypris_przewalskii	Omnivore	V4	3195	36.7599	100.3498	2021	N	44.33333333	-15.5	17.1	1.758333333	65.46666667	19541260.17	3.52	73.25	Water	https://aquastat.fao.org/climate-information-tool/complete-climate-data?lat=36.75990290000001&lon=100.3497895&year=2021&datasource=agera5						V4	AK	Asia
Wang_Gymnocypris_przewalskii5	Wangetal2021	https://www.ncbi.nlm.nih.gov/pmc/articles/PMC8354547/	Naked Carp	Chordata	Actinopterygii	Cypriniformes	Cyprinidae	Gymnocypris	Gymnocypris_przewalskii	Omnivore	V4	3195	36.7599	100.3498	2021	N	44.33333333	-15.5	17.1	1.758333333	65.46666667	19541260.17	3.52	73.25	Water	https://aquastat.fao.org/climate-information-tool/complete-climate-data?lat=36.75990290000001&lon=100.3497895&year=2021&datasource=agera5						V4	AK	Asia
segers1	Segers_et_al_2019	https://www.ncbi.nlm.nih.gov/pmc/articles/PMC6912891/	Acorn Ant	Arthropoda	Insecta	Hymenoptera	Formicidae	Temnothorax	Temnothorax_Nylanderi	Omnivore	V4	124	50.0782	8.2398	2016		65.83333333	-0.9	23.0	9.808333333	69.21666667	10990353.83	2.82	58.75	Land	https://aquastat.fao.org/climate-information-tool/complete-climate-data?lat=50.0782184&lon=8.239760799999999&year=2016&datasource=agera5						V4	NS	Asia
segers2	Segers_et_al_2019	https://www.ncbi.nlm.nih.gov/pmc/articles/PMC6912891/	Acorn Ant	Arthropoda	Insecta	Hymenoptera	Formicidae	Temnothorax	Temnothorax_Nylanderi	Omnivore	V4	124	50.0782	8.2398	2016		65.83333333	-0.9	23.0	9.808333333	69.21666667	10990353.83	2.82	58.75	Land	https://aquastat.fao.org/climate-information-tool/complete-climate-data?lat=50.0782184&lon=8.239760799999999&year=2016&datasource=agera5						V4	NS	Asia
segers3	Segers_et_al_2019	https://www.ncbi.nlm.nih.gov/pmc/articles/PMC6912891/	Acorn Ant	Arthropoda	Insecta	Hymenoptera	Formicidae	Temnothorax	Temnothorax_Nylanderi	Omnivore	V4	124	50.0782	8.2398	2016		65.83333333	-0.9	23.0	9.808333333	69.21666667	10990353.83	2.82	58.75	Land	https://aquastat.fao.org/climate-information-tool/complete-climate-data?lat=50.0782184&lon=8.239760799999999&year=2016&datasource=agera5						V4	NS	Asia
segers4	Segers_et_al_2019	https://www.ncbi.nlm.nih.gov/pmc/articles/PMC6912891/	Acorn Ant	Arthropoda	Insecta	Hymenoptera	Formicidae	Temnothorax	Temnothorax_Nylanderi	Omnivore	V4	124	50.0782	8.2398	2016		65.83333333	-0.9	23.0	9.808333333	69.21666667	10990353.83	2.82	58.75	Land	https://aquastat.fao.org/climate-information-tool/complete-climate-data?lat=50.0782184&lon=8.239760799999999&year=2016&datasource=agera5						V4	NS	Asia
segers5	Segers_et_al_2019	https://www.ncbi.nlm.nih.gov/pmc/articles/PMC6912891/	Acorn Ant	Arthropoda	Insecta	Hymenoptera	Formicidae	Temnothorax	Temnothorax_Nylanderi	Omnivore	V4	124	50.0782	8.2398	2016		65.83333333	-0.9	23.0	9.808333333	69.21666667	10990353.83	2.82	58.75	Land	https://aquastat.fao.org/climate-information-tool/complete-climate-data?lat=50.0782184&lon=8.239760799999999&year=2016&datasource=agera5						V4	NS	Asia
Mendoza-Guido1	Mendoza-Guido_et_al_2023	https://www.biotaxa.org/mn/article/view/80128	Army Ants	Arthropoda	Insecta	Hymenoptera	Formicidae	Eciton	Eciton_Burchellii	Carnivore	V4	61	10.4306	-84.007	2014		276.6666667	20.9	30.2	25.24166667	74.98333333	14995614.58	2.09	97.83333333	Land	https://aquastat.fao.org/climate-information-tool/complete-climate-data?lat=10.430623&lon=-84.006971&year=2014&datasource=agera5						V4	ES	Asia
Mendoza-Guido2	Mendoza-Guido_et_al_2023	https://www.biotaxa.org/mn/article/view/80128	Army Ants	Arthropoda	Insecta	Hymenoptera	Formicidae	Eciton	Eciton_Burchellii	Carnivore	V4	61	10.4306	-84.007	2014		276.6666667	20.9	30.2	25.24166667	74.98333333	14995614.58	2.09	97.83333333	Land	https://aquastat.fao.org/climate-information-tool/complete-climate-data?lat=10.430623&lon=-84.006971&year=2014&datasource=agera5						V4	ES	Asia
Mendoza-Guido3	Mendoza-Guido_et_al_2023	https://www.biotaxa.org/mn/article/view/80128	Army Ants	Arthropoda	Insecta	Hymenoptera	Formicidae	Eciton	Eciton_Burchellii	Carnivore	V4	61	10.4306	-84.007	2014		276.6666667	20.9	30.2	25.24166667	74.98333333	14995614.58	2.09	97.83333333	Land	https://aquastat.fao.org/climate-information-tool/complete-climate-data?lat=10.430623&lon=-84.006971&year=2014&datasource=agera5						V4	ES	Asia
Mendoza-Guido4	Mendoza-Guido_et_al_2023	https://www.biotaxa.org/mn/article/view/80128	Army Ants	Arthropoda	Insecta	Hymenoptera	Formicidae	Eciton	Eciton_Burchellii	Carnivore	V4	61	10.4306	-84.007	2014		276.6666667	20.9	30.2	25.24166667	74.98333333	14995614.58	2.09	97.83333333	Land	https://aquastat.fao.org/climate-information-tool/complete-climate-data?lat=10.430623&lon=-84.006971&year=2014&datasource=agera5						V4	ES	Asia
Mendoza-Guido5	Mendoza-Guido_et_al_2023	https://www.biotaxa.org/mn/article/view/80128	Army Ants	Arthropoda	Insecta	Hymenoptera	Formicidae	Eciton	Eciton_Burchellii	Carnivore	V4	61	10.4306	-84.007	2014		276.6666667	20.9	30.2	25.24166667	74.98333333	14995614.58	2.09	97.83333333	Land	https://aquastat.fao.org/climate-information-tool/complete-climate-data?lat=10.430623&lon=-84.006971&year=2014&datasource=agera5						V4	ES	Asia
rohrer1	Rohrer_et_al_2023	https://www.nature.com/articles/s41598-023-31826-y	Galapagos Penguin	Chordata	Aves	Sphenisciformes	Spheniscidae	Spheniscus	Spheniscus_Mendiculus	Carnivores	V4	982	-0.8292	-91.1353	2018		71.08333333	17.2	27.9	22.6	60.85833333	18530059.17	2.71	118.3333333	Land	https://aquastat.fao.org/climate-information-tool/complete-climate-data?lat=-0.8292374&lon=-91.13530200000001&year=2018&datasource=agera5						V4	KS	Europe
rohrer2	Rohrer_et_al_2023	https://www.nature.com/articles/s41598-023-31826-y	Galapagos Penguin	Chordata	Aves	Sphenisciformes	Spheniscidae	Spheniscus	Spheniscus_Mendiculus	Carnivores	V4	982	-0.8292	-91.1353	2018		71.08333333	17.2	27.9	22.6	60.85833333	18530059.17	2.71	118.3333333	Land	https://aquastat.fao.org/climate-information-tool/complete-climate-data?lat=-0.8292374&lon=-91.13530200000001&year=2018&datasource=agera5						V4	KS	Europe
rohrer3	Rohrer_et_al_2023	https://www.nature.com/articles/s41598-023-31826-y	Galapagos Penguin	Chordata	Aves	Sphenisciformes	Spheniscidae	Spheniscus	Spheniscus_Mendiculus	Carnivores	V4	982	-0.8292	-91.1353	2018		71.08333333	17.2	27.9	22.6	60.85833333	18530059.17	2.71	118.3333333	Land	https://aquastat.fao.org/climate-information-tool/complete-climate-data?lat=-0.8292374&lon=-91.13530200000001&year=2018&datasource=agera5						V4	KS	Europe
rohrer4	Rohrer_et_al_2023	https://www.nature.com/articles/s41598-023-31826-y	Galapagos Penguin	Chordata	Aves	Sphenisciformes	Spheniscidae	Spheniscus	Spheniscus_Mendiculus	Carnivores	V4	982	-0.8292	-91.1353	2018		71.08333333	17.2	27.9	22.6	60.85833333	18530059.17	2.71	118.3333333	Land	https://aquastat.fao.org/climate-information-tool/complete-climate-data?lat=-0.8292374&lon=-91.13530200000001&year=2018&datasource=agera5						V4	KS	Europe
rohrer5	Rohrer_et_al_2023	https://www.nature.com/articles/s41598-023-31826-y	Galapagos Penguin	Chordata	Aves	Sphenisciformes	Spheniscidae	Spheniscus	Spheniscus_Mendiculus	Carnivores	V4	982	-0.8292	-91.1353	2018		71.08333333	17.2	27.9	22.6	60.85833333	18530059.17	2.71	118.3333333	Land	https://aquastat.fao.org/climate-information-tool/complete-climate-data?lat=-0.8292374&lon=-91.13530200000001&year=2018&datasource=agera5						V4	KS	Europe
Wei1	Wei_et_al_2022	https://www.sciencedirect.com/science/article/pii/S0025326X22007044	Sea Cucumber 	Echinodermata	Holothuroidea	Synallactida	Stichopodidae	Stichopus	Stichopus_Ocellatus	Omnivores	V4	12	3.991	103.3761	2022	N	280.4166667	22.6	30.0	26.2	78.025	17351621.83	2.13	110.75	Water	https://aquastat.fao.org/climate-information-tool/complete-climate-data?lat=3.9909698&lon=103.3761057&year=2022&datasource=agera5	samples from 3 relatively close sites on Malaysian coast					V4	KS	Europe
Wei2	Wei_et_al_2022	https://www.sciencedirect.com/science/article/pii/S0025326X22007044	Sea Cucumber 	Echinodermata	Holothuroidea	Synallactida	Stichopodidae	Stichopus	Stichopus_Ocellatus	Omnivores	V4	12	3.991	103.3761	2022	N	280.4166667	22.6	30.0	26.2	78.025	17351621.83	2.13	110.75	Water	https://aquastat.fao.org/climate-information-tool/complete-climate-data?lat=3.9909698&lon=103.3761057&year=2022&datasource=agera5	samples from 3 relatively close sites on Malaysian coast					V4	KS	Europe
Wei3	Wei_et_al_2022	https://www.sciencedirect.com/science/article/pii/S0025326X22007044	Sea Cucumber 	Echinodermata	Holothuroidea	Synallactida	Stichopodidae	Stichopus	Stichopus_Ocellatus	Omnivores	V4	12	3.991	103.3761	2022	N	280.4166667	22.6	30.0	26.2	78.025	17351621.83	2.13	110.75	Water	https://aquastat.fao.org/climate-information-tool/complete-climate-data?lat=3.9909698&lon=103.3761057&year=2022&datasource=agera5	samples from 3 relatively close sites on Malaysian coast					V4	KS	Europe
Wei4	Wei_et_al_2022	https://www.sciencedirect.com/science/article/pii/S0025326X22007044	Sea Cucumber 	Echinodermata	Holothuroidea	Synallactida	Stichopodidae	Stichopus	Stichopus_Ocellatus	Omnivores	V4	12	3.991	103.3761	2022	N	280.4166667	22.6	30.0	26.2	78.025	17351621.83	2.13	110.75	Water	https://aquastat.fao.org/climate-information-tool/complete-climate-data?lat=3.9909698&lon=103.3761057&year=2022&datasource=agera5	samples from 3 relatively close sites on Malaysian coast					V4	KS	Europe
Wei5	Wei_et_al_2022	https://www.sciencedirect.com/science/article/pii/S0025326X22007044	Sea Cucumber 	Echinodermata	Holothuroidea	Synallactida	Stichopodidae	Stichopus	Stichopus_Ocellatus	Omnivores	V4	12	3.991	103.3761	2022	N	280.4166667	22.6	30.0	26.2	78.025	17351621.83	2.13	110.75	Water	https://aquastat.fao.org/climate-information-tool/complete-climate-data?lat=3.9909698&lon=103.3761057&year=2022&datasource=agera5	samples from 3 relatively close sites on Malaysian coast					V4	KS	Europe
Harer1	Harer_et_al_2020	https://microbiomejournal.biomedcentral.com/articles/10.1186/s40168-020-00897-8#Sec2	Midas Cichlid	Chordata	Actinopterygii	Cichliformes	Cichlidae	Amphilophus	Amphilophus_citrinellus	Omnivore	V4	31	11.5787	-85.355	2015		157.0	24.1	29.9	27.25833333	77.14166667	20140537.58	7.47	148.8333333	Water	https://aquastat.fao.org/climate-information-tool/complete-climate-data?lat=11.5786576&lon=-85.35496499999999&year=2015&datasource=agera5						V4	AK	Europe
Harer2	Harer_et_al_2020	https://microbiomejournal.biomedcentral.com/articles/10.1186/s40168-020-00897-8#Sec2	Midas Cichlid	Chordata	Actinopterygii	Cichliformes	Cichlidae	Amphilophus	Amphilophus_citrinellus	Omnivore	V4	31	11.5787	-85.355	2015		157.0	24.1	29.9	27.25833333	77.14166667	20140537.58	7.47	148.8333333	Water	https://aquastat.fao.org/climate-information-tool/complete-climate-data?lat=11.5786576&lon=-85.35496499999999&year=2015&datasource=agera5						V4	AK	Europe
Harer3	Harer_et_al_2020	https://microbiomejournal.biomedcentral.com/articles/10.1186/s40168-020-00897-8#Sec2	Midas Cichlid	Chordata	Actinopterygii	Cichliformes	Cichlidae	Amphilophus	Amphilophus_citrinellus	Omnivore	V4	31	11.5787	-85.355	2015		157.0	24.1	29.9	27.25833333	77.14166667	20140537.58	7.47	148.8333333	Water	https://aquastat.fao.org/climate-information-tool/complete-climate-data?lat=11.5786576&lon=-85.35496499999999&year=2015&datasource=agera5						V4	AK	Europe
Harer4	Harer_et_al_2020	https://microbiomejournal.biomedcentral.com/articles/10.1186/s40168-020-00897-8#Sec2	Midas Cichlid	Chordata	Actinopterygii	Cichliformes	Cichlidae	Amphilophus	Amphilophus_citrinellus	Omnivore	V4	31	11.5787	-85.355	2015		157.0	24.1	29.9	27.25833333	77.14166667	20140537.58	7.47	148.8333333	Water	https://aquastat.fao.org/climate-information-tool/complete-climate-data?lat=11.5786576&lon=-85.35496499999999&year=2015&datasource=agera5						V4	AK	Europe
Harer5	Harer_et_al_2020	https://microbiomejournal.biomedcentral.com/articles/10.1186/s40168-020-00897-8#Sec2	Midas Cichlid	Chordata	Actinopterygii	Cichliformes	Cichlidae	Amphilophus	Amphilophus_citrinellus	Omnivore	V4	31	11.5787	-85.355	2015		157.0	24.1	29.9	27.25833333	77.14166667	20140537.58	7.47	148.8333333	Water	https://aquastat.fao.org/climate-information-tool/complete-climate-data?lat=11.5786576&lon=-85.35496499999999&year=2015&datasource=agera5						V4	AK	Europe
Hakim-purpuratus1	Hakim_et_al_2019	https://www.mdpi.com/2076-2607/7/2/35	Purple Sea Urchin 	Echinodermata	Echinoidea 	Echinoida	Strongylocentrotidae	Strongylocentrotus 	Strongylocentrotus_purpuratus	Herbivore 	V4	26	43.3048	-124.3998	2016		145.8333333	6.8	14.4	11.65833333	82.85833333	14606569.67	6.6	61.33333333	Water	https://aquastat.fao.org/climate-information-tool/complete-climate-data?lat=43.304835&lon=-124.399753&year=2016&datasource=agera5					usedforwardreadsonly	V4	NT	Europe
Hakim-purpuratus2	Hakim_et_al_2019	https://www.mdpi.com/2076-2607/7/2/35	Purple Sea Urchin 	Echinodermata	Echinoidea 	Echinoida	Strongylocentrotidae	Strongylocentrotus 	Strongylocentrotus_purpuratus	Herbivore 	V4	26	43.3048	-124.3998	2016		145.8333333	6.8	14.4	11.65833333	82.85833333	14606569.67	6.6	61.33333333	Water	https://aquastat.fao.org/climate-information-tool/complete-climate-data?lat=43.304835&lon=-124.399753&year=2016&datasource=agera5					usedforwardreadsonly	V4	NT	Europe
Hakim-purpuratus3	Hakim_et_al_2019	https://www.mdpi.com/2076-2607/7/2/35	Purple Sea Urchin 	Echinodermata	Echinoidea 	Echinoida	Strongylocentrotidae	Strongylocentrotus 	Strongylocentrotus_purpuratus	Herbivore 	V4	26	43.3048	-124.3998	2016		145.8333333	6.8	14.4	11.65833333	82.85833333	14606569.67	6.6	61.33333333	Water	https://aquastat.fao.org/climate-information-tool/complete-climate-data?lat=43.304835&lon=-124.399753&year=2016&datasource=agera5					usedforwardreadsonly	V4	NT	Europe
Silva1	Silva_et_al_2022	https://link.springer.com/article/10.1186/s12866-022-02571-5	Mosquito 	Arthropoda	Insecta	Diptera 	Culicidae	Haemagogus 	Haemagogus_leucocelaenus	Carnivore	V4	80	-24.7913	-47.9118	2020		146.5	14.1	29.8	22.06666667	70.49166667	15231690.58	2.07	94.58333333	Land	https://aquastat.fao.org/climate-information-tool/complete-climate-data?lat=-24.791333&lon=-47.911833&year=2020&datasource=agera5	samples from three close sites in Brazil					V4	NT	Europe
Silva2	Silva_et_al_2022	https://link.springer.com/article/10.1186/s12866-022-02571-5	Mosquito 	Arthropoda	Insecta	Diptera 	Culicidae	Haemagogus 	Haemagogus_leucocelaenus	Carnivore	V4	80	-24.7913	-47.9118	2020		146.5	14.1	29.8	22.06666667	70.49166667	15231690.58	2.07	94.58333333	Land	https://aquastat.fao.org/climate-information-tool/complete-climate-data?lat=-24.791333&lon=-47.911833&year=2020&datasource=agera5	samples from three close sites in Brazil					V4	NT	Europe
Silva3	Silva_et_al_2022	https://link.springer.com/article/10.1186/s12866-022-02571-5	Mosquito 	Arthropoda	Insecta	Diptera 	Culicidae	Haemagogus 	Haemagogus_leucocelaenus	Carnivore	V4	80	-24.7913	-47.9118	2020		146.5	14.1	29.8	22.06666667	70.49166667	15231690.58	2.07	94.58333333	Land	https://aquastat.fao.org/climate-information-tool/complete-climate-data?lat=-24.791333&lon=-47.911833&year=2020&datasource=agera5	samples from three close sites in Brazil					V4	NT	Europe
Silva4	Silva_et_al_2022	https://link.springer.com/article/10.1186/s12866-022-02571-5	Mosquito 	Arthropoda	Insecta	Diptera 	Culicidae	Haemagogus 	Haemagogus_leucocelaenus	Carnivore	V4	80	-24.7913	-47.9118	2020		146.5	14.1	29.8	22.06666667	70.49166667	15231690.58	2.07	94.58333333	Land	https://aquastat.fao.org/climate-information-tool/complete-climate-data?lat=-24.791333&lon=-47.911833&year=2020&datasource=agera5	samples from three close sites in Brazil					V4	NT	Europe
Silva5	Silva_et_al_2022	https://link.springer.com/article/10.1186/s12866-022-02571-5	Mosquito 	Arthropoda	Insecta	Diptera 	Culicidae	Haemagogus 	Haemagogus_leucocelaenus	Carnivore	V4	80	-24.7913	-47.9118	2020		146.5	14.1	29.8	22.06666667	70.49166667	15231690.58	2.07	94.58333333	Land	https://aquastat.fao.org/climate-information-tool/complete-climate-data?lat=-24.791333&lon=-47.911833&year=2020&datasource=agera5	samples from three close sites in Brazil					V4	NT	Europe
Wasimuddin-jamaicensis1	Wasimuddin_et_al_2018	https://www.nature.com/articles/s41396-018-0239-1	Jamaican Fruit Bat	Chordata	Mamallia	Chiroptera	Phyllostomidae	Artibeus 	Artibeus_jamaicensis	Herbivore 	V4	1174	8.538	-80.7821	2013		245.3333333	17.3	23.6	20.35833333	86.725	14920130.75	2.62	79.33333333	Land	https://aquastat.fao.org/climate-information-tool/complete-climate-data?lat=8.537981&lon=-80.782127&year=2013&datasource=agera5					Reversereaduntilbase129	V4	NT	Europe
Wasimuddin-jamaicensis2	Wasimuddin_et_al_2018	https://www.nature.com/articles/s41396-018-0239-1	Jamaican Fruit Bat	Chordata	Mamallia	Chiroptera	Phyllostomidae	Artibeus 	Artibeus_jamaicensis	Herbivore 	V4	1174	8.538	-80.7821	2013		245.3333333	17.3	23.6	20.35833333	86.725	14920130.75	2.62	79.33333333	Land	https://aquastat.fao.org/climate-information-tool/complete-climate-data?lat=8.537981&lon=-80.782127&year=2013&datasource=agera5					Reversereaduntilbase130	V4	NT	Europe
Wasimuddin-jamaicensis3	Wasimuddin_et_al_2018	https://www.nature.com/articles/s41396-018-0239-1	Jamaican Fruit Bat	Chordata	Mamallia	Chiroptera	Phyllostomidae	Artibeus 	Artibeus_jamaicensis	Herbivore 	V4	1174	8.538	-80.7821	2013		245.3333333	17.3	23.6	20.35833333	86.725	14920130.75	2.62	79.33333333	Land	https://aquastat.fao.org/climate-information-tool/complete-climate-data?lat=8.537981&lon=-80.782127&year=2013&datasource=agera5					Reversereaduntilbase131	V4	NT	Europe
Wasimuddin-jamaicensis4	Wasimuddin_et_al_2018	https://www.nature.com/articles/s41396-018-0239-1	Jamaican Fruit Bat	Chordata	Mamallia	Chiroptera	Phyllostomidae	Artibeus 	Artibeus_jamaicensis	Herbivore 	V4	1174	8.538	-80.7821	2013		245.3333333	17.3	23.6	20.35833333	86.725	14920130.75	2.62	79.33333333	Land	https://aquastat.fao.org/climate-information-tool/complete-climate-data?lat=8.537981&lon=-80.782127&year=2013&datasource=agera5					Reversereaduntilbase132	V4	NT	Europe
Wasimuddin-jamaicensis5	Wasimuddin_et_al_2018	https://www.nature.com/articles/s41396-018-0239-1	Jamaican Fruit Bat	Chordata	Mamallia	Chiroptera	Phyllostomidae	Artibeus 	Artibeus_jamaicensis	Herbivore 	V4	1174	8.538	-80.7821	2013		245.3333333	17.3	23.6	20.35833333	86.725	14920130.75	2.62	79.33333333	Land	https://aquastat.fao.org/climate-information-tool/complete-climate-data?lat=8.537981&lon=-80.782127&year=2013&datasource=agera5					Reversereaduntilbase133	V4	NT	Europe
Pires1	Pires_et_al_2019	https://www.frontiersin.org/articles/10.3389/fmicb.2019.02003/full	Amazon Communities	Chordata	Mammalia	Primates	Hominidae	Homo	Homo_sapiens	Omnivore	V4	54	-7.3731	-63.0501	2019	N	227.1666667	22.9	33.6	27.125	74.15	16716788.08	1.34	110.5	Land	https://aquastat.fao.org/climate-information-tool/complete-climate-data?lat=-7.373056&lon=-63.050056&year=2019&datasource=agera5						V4	NT	Europe
Pires2	Pires_et_al_2019	https://www.frontiersin.org/articles/10.3389/fmicb.2019.02003/full	Amazon Communities	Chordata	Mammalia	Primates	Hominidae	Homo	Homo_sapiens	Omnivore	V4	54	-7.3731	-63.0501	2019	N	227.1666667	22.9	33.6	27.125	74.15	16716788.08	1.34	110.5	Land	https://aquastat.fao.org/climate-information-tool/complete-climate-data?lat=-7.373056&lon=-63.050056&year=2019&datasource=agera5						V4	NT	Europe
Pires3	Pires_et_al_2019	https://www.frontiersin.org/articles/10.3389/fmicb.2019.02003/full	Amazon Communities	Chordata	Mammalia	Primates	Hominidae	Homo	Homo_sapiens	Omnivore	V4	54	-7.3731	-63.0501	2019	N	227.1666667	22.9	33.6	27.125	74.15	16716788.08	1.34	110.5	Land	https://aquastat.fao.org/climate-information-tool/complete-climate-data?lat=-7.373056&lon=-63.050056&year=2019&datasource=agera5						V4	NT	Europe
Pires4	Pires_et_al_2019	https://www.frontiersin.org/articles/10.3389/fmicb.2019.02003/full	Amazon Communities	Chordata	Mammalia	Primates	Hominidae	Homo	Homo_sapiens	Omnivore	V4	54	-7.3731	-63.0501	2019	N	227.1666667	22.9	33.6	27.125	74.15	16716788.08	1.34	110.5	Land	https://aquastat.fao.org/climate-information-tool/complete-climate-data?lat=-7.373056&lon=-63.050056&year=2019&datasource=agera5						V4	NT	Europe
Pires5	Pires_et_al_2019	https://www.frontiersin.org/articles/10.3389/fmicb.2019.02003/full	Amazon Communities	Chordata	Mammalia	Primates	Hominidae	Homo	Homo_sapiens	Omnivore	V4	54	-7.3731	-63.0501	2019	N	227.1666667	22.9	33.6	27.125	74.15	16716788.08	1.34	110.5	Land	https://aquastat.fao.org/climate-information-tool/complete-climate-data?lat=-7.373056&lon=-63.050056&year=2019&datasource=agera5						V4	NT	Europe
Rothenberg1	Rothenberg_et_al_2021	https://www.frontiersin.org/articles/10.3389/fmicb.2021.648685/full	Pacific Walrus	Chordata	Mammalia	Carnivora	Odobenidae	Odobenus	Odobenus_rosmarus	Carnivore	V4	15	63.409	-170.3929	2019		58.58333333	-18.2	13.6	-0.783333333	83.33333333	8662452.25	6.1	27.75	Land	https://aquastat.fao.org/climate-information-tool/complete-climate-data?lat=63.409&lon=-170.3929&year=2019&datasource=agera5						V4	EK	Europe
Rothenberg2	Rothenberg_et_al_2021	https://www.frontiersin.org/articles/10.3389/fmicb.2021.648685/full	Pacific Walrus	Chordata	Mammalia	Carnivora	Odobenidae	Odobenus	Odobenus_rosmarus	Carnivore	V4	15	63.409	-170.3929	2019		58.58333333	-18.2	13.6	-0.783333333	83.33333333	8662452.25	6.1	27.75	Land	https://aquastat.fao.org/climate-information-tool/complete-climate-data?lat=63.409&lon=-170.3929&year=2019&datasource=agera5						V4	EK	Europe
Rothenberg3	Rothenberg_et_al_2021	https://www.frontiersin.org/articles/10.3389/fmicb.2021.648685/full	Pacific Walrus	Chordata	Mammalia	Carnivora	Odobenidae	Odobenus	Odobenus_rosmarus	Carnivore	V4	15	63.409	-170.3929	2019		58.58333333	-18.2	13.6	-0.783333333	83.33333333	8662452.25	6.1	27.75	Land	https://aquastat.fao.org/climate-information-tool/complete-climate-data?lat=63.409&lon=-170.3929&year=2019&datasource=agera5						V4	EK	Europe
Rothenberg4	Rothenberg_et_al_2021	https://www.frontiersin.org/articles/10.3389/fmicb.2021.648685/full	Pacific Walrus	Chordata	Mammalia	Carnivora	Odobenidae	Odobenus	Odobenus_rosmarus	Carnivore	V4	15	63.409	-170.3929	2019		58.58333333	-18.2	13.6	-0.783333333	83.33333333	8662452.25	6.1	27.75	Land	https://aquastat.fao.org/climate-information-tool/complete-climate-data?lat=63.409&lon=-170.3929&year=2019&datasource=agera5						V4	EK	Europe
Rothenberg5	Rothenberg_et_al_2021	https://www.frontiersin.org/articles/10.3389/fmicb.2021.648685/full	Pacific Walrus	Chordata	Mammalia	Carnivora	Odobenidae	Odobenus	Odobenus_rosmarus	Carnivore	V4	15	63.409	-170.3929	2019		58.58333333	-18.2	13.6	-0.783333333	83.33333333	8662452.25	6.1	27.75	Land	https://aquastat.fao.org/climate-information-tool/complete-climate-data?lat=63.409&lon=-170.3929&year=2019&datasource=agera5						V4	EK	Europe
li1	Li_et_al_2023	https://www.sciencedirect.com/science/article/pii/S0048969722070577#ab0005	Snub-Nosed Monkey	Chordata	Mammalia	Primates	Cercopithecidae	Rhinopithecus	Semnopithecus_roxellana	Herbivore	V4	2098	33.3128	104.1018	2021		105.8333333	-15.3	18.7	3.808333333	62.16666667	14962757.0	1.14	58.41666667	Land	https://aquastat.fao.org/climate-information-tool/complete-climate-data?lat=33.31278371814505&lon=104.10177992516893&year=2021&datasource=agera5						V4	AS	Europe
li2	Li_et_al_2023	https://www.sciencedirect.com/science/article/pii/S0048969722070577#ab0005	Snub-Nosed Monkey	Chordata	Mammalia	Primates	Cercopithecidae	Rhinopithecus	Semnopithecus_roxellana	Herbivore	V4	2098	33.3128	104.1018	2021		105.8333333	-15.3	18.7	3.808333333	62.16666667	14962757.0	1.14	58.41666667	Land	https://aquastat.fao.org/climate-information-tool/complete-climate-data?lat=33.31278371814505&lon=104.10177992516893&year=2021&datasource=agera5						V4	AS	Europe
li3	Li_et_al_2023	https://www.sciencedirect.com/science/article/pii/S0048969722070577#ab0005	Snub-Nosed Monkey	Chordata	Mammalia	Primates	Cercopithecidae	Rhinopithecus	Semnopithecus_roxellana	Herbivore	V4	2098	33.3128	104.1018	2021		105.8333333	-15.3	18.7	3.808333333	62.16666667	14962757.0	1.14	58.41666667	Land	https://aquastat.fao.org/climate-information-tool/complete-climate-data?lat=33.31278371814505&lon=104.10177992516893&year=2021&datasource=agera5						V4	AS	Europe
li4	Li_et_al_2023	https://www.sciencedirect.com/science/article/pii/S0048969722070577#ab0005	Snub-Nosed Monkey	Chordata	Mammalia	Primates	Cercopithecidae	Rhinopithecus	Semnopithecus_roxellana	Herbivore	V4	2098	33.3128	104.1018	2021		105.8333333	-15.3	18.7	3.808333333	62.16666667	14962757.0	1.14	58.41666667	Land	https://aquastat.fao.org/climate-information-tool/complete-climate-data?lat=33.31278371814505&lon=104.10177992516893&year=2021&datasource=agera5						V4	AS	Europe
li5	Li_et_al_2023	https://www.sciencedirect.com/science/article/pii/S0048969722070577#ab0005	Snub-Nosed Monkey	Chordata	Mammalia	Primates	Cercopithecidae	Rhinopithecus	Semnopithecus_roxellana	Herbivore	V4	2098	33.3128	104.1018	2021		105.8333333	-15.3	18.7	3.808333333	62.16666667	14962757.0	1.14	58.41666667	Land	https://aquastat.fao.org/climate-information-tool/complete-climate-data?lat=33.31278371814505&lon=104.10177992516893&year=2021&datasource=agera5						V4	AS	Europe
Clever1	Clever_et_al_2022	https://www.nature.com/articles/s42003-022-03679-0#data-availability	Foureye Butterflyfish	Chordata	Actinopterygii	Perciformes	Chaetodontidae	Chaetodon	Chaetodon_Capistratus	Planktivore	V4	2	9.3326	-82.2498	2016		234.1666667	24.2	28.6	26.40833333	79.46666667	17535827.42	2.55	113.25	Water	https://aquastat.fao.org/climate-information-tool/complete-climate-data?lat=9.3326402&lon=-82.2497559&year=2016&datasource=agera5	450 km^2 region	Y				V4	DW	Europe
Clever2	Clever_et_al_2022	https://www.nature.com/articles/s42003-022-03679-0#data-availability	Foureye Butterflyfish	Chordata	Actinopterygii	Perciformes	Chaetodontidae	Chaetodon	Chaetodon_Capistratus	Planktivore	V4	2	9.3326	-82.2498	2016		234.1666667	24.2	28.6	26.40833333	79.46666667	17535827.42	2.55	113.25	Water	https://aquastat.fao.org/climate-information-tool/complete-climate-data?lat=9.3326402&lon=-82.2497559&year=2016&datasource=agera5	450 km^2 region	Y				V4	DW	Europe
Clever3	Clever_et_al_2022	https://www.nature.com/articles/s42003-022-03679-0#data-availability	Foureye Butterflyfish	Chordata	Actinopterygii	Perciformes	Chaetodontidae	Chaetodon	Chaetodon_Capistratus	Planktivore	V4	2	9.3326	-82.2498	2016		234.1666667	24.2	28.6	26.40833333	79.46666667	17535827.42	2.55	113.25	Water	https://aquastat.fao.org/climate-information-tool/complete-climate-data?lat=9.3326402&lon=-82.2497559&year=2016&datasource=agera5	450 km^2 region	Y				V4	DW	Europe
Clever4	Clever_et_al_2022	https://www.nature.com/articles/s42003-022-03679-0#data-availability	Foureye Butterflyfish	Chordata	Actinopterygii	Perciformes	Chaetodontidae	Chaetodon	Chaetodon_Capistratus	Planktivore	V4	2	9.3326	-82.2498	2016		234.1666667	24.2	28.6	26.40833333	79.46666667	17535827.42	2.55	113.25	Water	https://aquastat.fao.org/climate-information-tool/complete-climate-data?lat=9.3326402&lon=-82.2497559&year=2016&datasource=agera5	450 km^2 region	Y				V4	DW	Europe
Clever5	Clever_et_al_2022	https://www.nature.com/articles/s42003-022-03679-0#data-availability	Foureye Butterflyfish	Chordata	Actinopterygii	Perciformes	Chaetodontidae	Chaetodon	Chaetodon_Capistratus	Planktivore	V4	2	9.3326	-82.2498	2016		234.1666667	24.2	28.6	26.40833333	79.46666667	17535827.42	2.55	113.25	Water	https://aquastat.fao.org/climate-information-tool/complete-climate-data?lat=9.3326402&lon=-82.2497559&year=2016&datasource=agera5	450 km^2 region	Y				V4	DW	Europe
Mason1	Mason_et_al_2021	https://www.nature.com/articles/s41598-021-83497-2#data-accessibility	Fall Armyworm	Arthropoda	Insecta	Lepidoptera	Noctuidae	Spodoptera	Spodoptera_Frugiperda	Herbivore	V4	148	40.201	-77.2003	2021	N	95.08333333	-7.2	29.9	12.14166667	52.33333333	14340102.08	2.63	82.75	Land	https://aquastat.fao.org/climate-information-tool/complete-climate-data?lat=40.2010241&lon=-77.20027449999999&year=2021&datasource=agera5		Y	Samples bred in captivity	Y		V4	DW	Europe
Mason2	Mason_et_al_2021	https://www.nature.com/articles/s41598-021-83497-2#data-accessibility	Fall Armyworm	Arthropoda	Insecta	Lepidoptera	Noctuidae	Spodoptera	Spodoptera_Frugiperda	Herbivore	V4	148	40.201	-77.2003	2021	N	95.08333333	-7.2	29.9	12.14166667	52.33333333	14340102.08	2.63	82.75	Land	https://aquastat.fao.org/climate-information-tool/complete-climate-data?lat=40.2010241&lon=-77.20027449999999&year=2021&datasource=agera5		Y	Samples bred in captivity	Y		V4	DW	Europe
Mason3	Mason_et_al_2021	https://www.nature.com/articles/s41598-021-83497-2#data-accessibility	Fall Armyworm	Arthropoda	Insecta	Lepidoptera	Noctuidae	Spodoptera	Spodoptera_Frugiperda	Herbivore	V4	148	40.201	-77.2003	2021	N	95.08333333	-7.2	29.9	12.14166667	52.33333333	14340102.08	2.63	82.75	Land	https://aquastat.fao.org/climate-information-tool/complete-climate-data?lat=40.2010241&lon=-77.20027449999999&year=2021&datasource=agera5		Y	Samples bred in captivity	Y		V4	DW	Europe
Mason4	Mason_et_al_2021	https://www.nature.com/articles/s41598-021-83497-2#data-accessibility	Fall Armyworm	Arthropoda	Insecta	Lepidoptera	Noctuidae	Spodoptera	Spodoptera_Frugiperda	Herbivore	V4	148	40.201	-77.2003	2021	N	95.08333333	-7.2	29.9	12.14166667	52.33333333	14340102.08	2.63	82.75	Land	https://aquastat.fao.org/climate-information-tool/complete-climate-data?lat=40.2010241&lon=-77.20027449999999&year=2021&datasource=agera5		Y	Samples bred in captivity	Y		V4	DW	Europe
Mason5	Mason_et_al_2021	https://www.nature.com/articles/s41598-021-83497-2#data-accessibility	Fall Armyworm	Arthropoda	Insecta	Lepidoptera	Noctuidae	Spodoptera	Spodoptera_Frugiperda	Herbivore	V4	148	40.201	-77.2003	2021	N	95.08333333	-7.2	29.9	12.14166667	52.33333333	14340102.08	2.63	82.75	Land	https://aquastat.fao.org/climate-information-tool/complete-climate-data?lat=40.2010241&lon=-77.20027449999999&year=2021&datasource=agera5		Y	Samples bred in captivity	Y		V4	DW	Europe
Gillingham1	Gillingham_et_al_2021	https://www.sciencedirect.com/science/article/pii/S0048969720367814	Greater Flamingo	Chordata	Aves	Phoenicopteriformes	Phoenicopteridae	Phoenicopterus	Phoenicopterus_Roseus	Omnivore	V4	436	37.1342	-4.731	2014		44.08333333	4.1	31.8	16.45833333	48.8	18299473.58	3.0	112.75	Air	https://aquastat.fao.org/climate-information-tool/complete-climate-data?lat=37.1341608&lon=-4.7309865&year=2014&datasource=agera5	3 sampling sites between Spain and France	Y				V4	DW	Europe
Gillingham2	Gillingham_et_al_2021	https://www.sciencedirect.com/science/article/pii/S0048969720367814	Greater Flamingo	Chordata	Aves	Phoenicopteriformes	Phoenicopteridae	Phoenicopterus	Phoenicopterus_Roseus	Omnivore	V4	436	37.1342	-4.731	2014		44.08333333	4.1	31.8	16.45833333	48.8	18299473.58	3.0	112.75	Air	https://aquastat.fao.org/climate-information-tool/complete-climate-data?lat=37.1341608&lon=-4.7309865&year=2014&datasource=agera5	3 sampling sites between Spain and France	Y				V4	DW	Europe
Gillingham3	Gillingham_et_al_2021	https://www.sciencedirect.com/science/article/pii/S0048969720367814	Greater Flamingo	Chordata	Aves	Phoenicopteriformes	Phoenicopteridae	Phoenicopterus	Phoenicopterus_Roseus	Omnivore	V4	436	37.1342	-4.731	2014		44.08333333	4.1	31.8	16.45833333	48.8	18299473.58	3.0	112.75	Air	https://aquastat.fao.org/climate-information-tool/complete-climate-data?lat=37.1341608&lon=-4.7309865&year=2014&datasource=agera5	3 sampling sites between Spain and France	Y				V4	DW	Europe
Gillingham4	Gillingham_et_al_2021	https://www.sciencedirect.com/science/article/pii/S0048969720367814	Greater Flamingo	Chordata	Aves	Phoenicopteriformes	Phoenicopteridae	Phoenicopterus	Phoenicopterus_Roseus	Omnivore	V4	436	37.1342	-4.731	2014		44.08333333	4.1	31.8	16.45833333	48.8	18299473.58	3.0	112.75	Air	https://aquastat.fao.org/climate-information-tool/complete-climate-data?lat=37.1341608&lon=-4.7309865&year=2014&datasource=agera5	3 sampling sites between Spain and France	Y				V4	DW	Europe
Gillingham5	Gillingham_et_al_2021	https://www.sciencedirect.com/science/article/pii/S0048969720367814	Greater Flamingo	Chordata	Aves	Phoenicopteriformes	Phoenicopteridae	Phoenicopterus	Phoenicopterus_Roseus	Omnivore	V4	436	37.1342	-4.731	2014		44.08333333	4.1	31.8	16.45833333	48.8	18299473.58	3.0	112.75	Air	https://aquastat.fao.org/climate-information-tool/complete-climate-data?lat=37.1341608&lon=-4.7309865&year=2014&datasource=agera5	3 sampling sites between Spain and France	Y				V4	DW	Europe
Eliades1	Eliades_et_al_2021	https://onlinelibrary.wiley.com/doi/full/10.1002/ece3.7373	Fiji Crested Iguana	Chordata	Reptilia	Squamata	Iguanidae	Brachylophus	Brachylophus_Vitiensis	Herbivore	V4	693	-17.678	177.5989	2017		161.5	20.3	29.1	25.225	68.53333333	18625012.08	1.91	118.0	Land	https://aquastat.fao.org/climate-information-tool/complete-climate-data?lat=-17.6780013&lon=177.5988876&year=2017&datasource=agera5	No data for island, used central island in Fiji	Y				V4	DW	Antarctica
Eliades2	Eliades_et_al_2021	https://onlinelibrary.wiley.com/doi/full/10.1002/ece3.7373	Fiji Crested Iguana	Chordata	Reptilia	Squamata	Iguanidae	Brachylophus	Brachylophus_Vitiensis	Herbivore	V4	693	-17.678	177.5989	2017		161.5	20.3	29.1	25.225	68.53333333	18625012.08	1.91	118.0	Land	https://aquastat.fao.org/climate-information-tool/complete-climate-data?lat=-17.6780013&lon=177.5988876&year=2017&datasource=agera5	No data for island, used central island in Fiji	Y				V4	DW	Antarctica
Eliades3	Eliades_et_al_2021	https://onlinelibrary.wiley.com/doi/full/10.1002/ece3.7373	Fiji Crested Iguana	Chordata	Reptilia	Squamata	Iguanidae	Brachylophus	Brachylophus_Vitiensis	Herbivore	V4	693	-17.678	177.5989	2017		161.5	20.3	29.1	25.225	68.53333333	18625012.08	1.91	118.0	Land	https://aquastat.fao.org/climate-information-tool/complete-climate-data?lat=-17.6780013&lon=177.5988876&year=2017&datasource=agera5	No data for island, used central island in Fiji	Y				V4	DW	Antarctica
Eliades4	Eliades_et_al_2021	https://onlinelibrary.wiley.com/doi/full/10.1002/ece3.7373	Fiji Crested Iguana	Chordata	Reptilia	Squamata	Iguanidae	Brachylophus	Brachylophus_Vitiensis	Herbivore	V4	693	-17.678	177.5989	2017		161.5	20.3	29.1	25.225	68.53333333	18625012.08	1.91	118.0	Land	https://aquastat.fao.org/climate-information-tool/complete-climate-data?lat=-17.6780013&lon=177.5988876&year=2017&datasource=agera5	No data for island, used central island in Fiji	Y				V4	DW	Antarctica
Eliades5	Eliades_et_al_2021	https://onlinelibrary.wiley.com/doi/full/10.1002/ece3.7373	Fiji Crested Iguana	Chordata	Reptilia	Squamata	Iguanidae	Brachylophus	Brachylophus_Vitiensis	Herbivore	V4	693	-17.678	177.5989	2017		161.5	20.3	29.1	25.225	68.53333333	18625012.08	1.91	118.0	Land	https://aquastat.fao.org/climate-information-tool/complete-climate-data?lat=-17.6780013&lon=177.5988876&year=2017&datasource=agera5	No data for island, used central island in Fiji	Y				V4	DW	Antarctica
abdelrhman1	Abdelrhman_et_al_2016	https://www.frontiersin.org/articles/10.3389/fmicb.2016.01060/full#h7	Loggerhead Sea Turtle	Chordata	Reptilia	Testudines	Cheloniidae	Caretta	Caretta_Caretta	Omnivore	V4	56	43.7711	11.2486	2015		68.83333333	0.7	32.5	14.40833333	57.41666667	14416028.0	2.21	81.41666667	Water	https://aquastat.fao.org/climate-information-tool/complete-climate-data?lat=43.7710513&lon=11.2486208&year=2015&datasource=agera5	Samples from along coast of Tuscany, Liguria	Y				V4	AK	Antarctica
abdelrhman2	Abdelrhman_et_al_2016	https://www.frontiersin.org/articles/10.3389/fmicb.2016.01060/full#h7	Loggerhead Sea Turtle	Chordata	Reptilia	Testudines	Cheloniidae	Caretta	Caretta_Caretta	Omnivore	V4	56	43.7711	11.2486	2015		68.83333333	0.7	32.5	14.40833333	57.41666667	14416028.0	2.21	81.41666667	Water	https://aquastat.fao.org/climate-information-tool/complete-climate-data?lat=43.7710513&lon=11.2486208&year=2015&datasource=agera5	Samples from along coast of Tuscany, Liguria	Y				V4	AK	Antarctica
abdelrhman3	Abdelrhman_et_al_2016	https://www.frontiersin.org/articles/10.3389/fmicb.2016.01060/full#h7	Loggerhead Sea Turtle	Chordata	Reptilia	Testudines	Cheloniidae	Caretta	Caretta_Caretta	Omnivore	V4	56	43.7711	11.2486	2015		68.83333333	0.7	32.5	14.40833333	57.41666667	14416028.0	2.21	81.41666667	Water	https://aquastat.fao.org/climate-information-tool/complete-climate-data?lat=43.7710513&lon=11.2486208&year=2015&datasource=agera5	Samples from along coast of Tuscany, Liguria	Y				V4	AK	Antarctica
abdelrhman4	Abdelrhman_et_al_2016	https://www.frontiersin.org/articles/10.3389/fmicb.2016.01060/full#h7	Loggerhead Sea Turtle	Chordata	Reptilia	Testudines	Cheloniidae	Caretta	Caretta_Caretta	Omnivore	V4	56	43.7711	11.2486	2015		68.83333333	0.7	32.5	14.40833333	57.41666667	14416028.0	2.21	81.41666667	Water	https://aquastat.fao.org/climate-information-tool/complete-climate-data?lat=43.7710513&lon=11.2486208&year=2015&datasource=agera5	Samples from along coast of Tuscany, Liguria	Y				V4	AK	Antarctica
abdelrhman5	Abdelrhman_et_al_2016	https://www.frontiersin.org/articles/10.3389/fmicb.2016.01060/full#h7	Loggerhead Sea Turtle	Chordata	Reptilia	Testudines	Cheloniidae	Caretta	Caretta_Caretta	Omnivore	V4	56	43.7711	11.2486	2015		68.83333333	0.7	32.5	14.40833333	57.41666667	14416028.0	2.21	81.41666667	Water	https://aquastat.fao.org/climate-information-tool/complete-climate-data?lat=43.7710513&lon=11.2486208&year=2015&datasource=agera5	Samples from along coast of Tuscany, Liguria	Y				V4	AK	Antarctica
Smith-1	Smith_et_al_2017	https://www.ncbi.nlm.nih.gov/pmc/articles/PMC5427142/	Mormon Cricket	Anthropoda	Insecta	Orthoptera	Tettigoniidae	Anabrus	Anabrus_Simplex	Herbivore	V4	1420	43.7102	-106.6389	2014		43.5	-14.2	28.3	6.5	48.36666667	16879508.33	3.52	93.25	Land	https://aquastat.fao.org/climate-information-tool/complete-climate-data?lat=43.7102499&lon=-106.6389338&year=2014&datasource=agera5	Some samples raised in captivity	Y	Samples bred in captivity		wheatbran_wheatgerm_sunflower_mixedbirdseeds_tropicalfishflakes_Romainelettuce	V4	ES	Oceania
Smith-2	Smith_et_al_2017	https://www.ncbi.nlm.nih.gov/pmc/articles/PMC5427142/	Mormon Cricket	Anthropoda	Insecta	Orthoptera	Tettigoniidae	Anabrus	Anabrus_Simplex	Herbivore	V4	1420	43.7102	-106.6389	2014		43.5	-14.2	28.3	6.5	48.36666667	16879508.33	3.52	93.25	Land	https://aquastat.fao.org/climate-information-tool/complete-climate-data?lat=43.7102499&lon=-106.6389338&year=2014&datasource=agera5	Some samples raised in captivity	Y	Samples bred in captivity		wheatbran_wheatgerm_sunflower_mixedbirdseeds_tropicalfishflakes_Romainelettuce	V4	ES	Oceania
Smith-3	Smith_et_al_2017	https://www.ncbi.nlm.nih.gov/pmc/articles/PMC5427142/	Mormon Cricket	Anthropoda	Insecta	Orthoptera	Tettigoniidae	Anabrus	Anabrus_Simplex	Herbivore	V4	1420	43.7102	-106.6389	2014		43.5	-14.2	28.3	6.5	48.36666667	16879508.33	3.52	93.25	Land	https://aquastat.fao.org/climate-information-tool/complete-climate-data?lat=43.7102499&lon=-106.6389338&year=2014&datasource=agera5	Some samples raised in captivity	Y	Samples bred in captivity		wheatbran_wheatgerm_sunflower_mixedbirdseeds_tropicalfishflakes_Romainelettuce	V4	ES	Oceania
Smith-4	Smith_et_al_2017	https://www.ncbi.nlm.nih.gov/pmc/articles/PMC5427142/	Mormon Cricket	Anthropoda	Insecta	Orthoptera	Tettigoniidae	Anabrus	Anabrus_Simplex	Herbivore	V4	1420	43.7102	-106.6389	2014		43.5	-14.2	28.3	6.5	48.36666667	16879508.33	3.52	93.25	Land	https://aquastat.fao.org/climate-information-tool/complete-climate-data?lat=43.7102499&lon=-106.6389338&year=2014&datasource=agera5	Some samples raised in captivity	Y	Samples bred in captivity		wheatbran_wheatgerm_sunflower_mixedbirdseeds_tropicalfishflakes_Romainelettuce	V4	ES	Oceania
Smith-5	Smith_et_al_2017	https://www.ncbi.nlm.nih.gov/pmc/articles/PMC5427142/	Mormon Cricket	Anthropoda	Insecta	Orthoptera	Tettigoniidae	Anabrus	Anabrus_Simplex	Herbivore	V4	1420	43.7102	-106.6389	2014		43.5	-14.2	28.3	6.5	48.36666667	16879508.33	3.52	93.25	Land	https://aquastat.fao.org/climate-information-tool/complete-climate-data?lat=43.7102499&lon=-106.6389338&year=2014&datasource=agera5	Some samples raised in captivity	Y	Samples bred in captivity		wheatbran_wheatgerm_sunflower_mixedbirdseeds_tropicalfishflakes_Romainelettuce	V4	ES	Oceania
Walker1	Walker_et_al_2020	https://link.springer.com/article/10.1007/s00248-019-01456-x#article-info	Northern Slimy Salamander	Chordata	Amphibia	Urodela	Plethodontidae	Plethodon	Plethodon_Glutinosus	Omnivore	V4	1295	35.1534	-83.5804	2014		119.4166667	-9.1	24.1	10.60833333	58.23333333	15862741.92	2.5	78.33333333	Land	https://aquastat.fao.org/climate-information-tool/complete-climate-data?lat=35.1534256&lon=-83.5804404&year=2014&datasource=agera5	Samples from 5 neighboring states	Y				V4	DW	Africa
Walker2	Walker_et_al_2020	https://link.springer.com/article/10.1007/s00248-019-01456-x#article-info	Northern Slimy Salamander	Chordata	Amphibia	Urodela	Plethodontidae	Plethodon	Plethodon_Glutinosus	Omnivore	V4	1295	35.1534	-83.5804	2014		119.4166667	-9.1	24.1	10.60833333	58.23333333	15862741.92	2.5	78.33333333	Land	https://aquastat.fao.org/climate-information-tool/complete-climate-data?lat=35.1534256&lon=-83.5804404&year=2014&datasource=agera5	Samples from 5 neighboring states	Y				V4	DW	Africa
Walker3	Walker_et_al_2020	https://link.springer.com/article/10.1007/s00248-019-01456-x#article-info	Northern Slimy Salamander	Chordata	Amphibia	Urodela	Plethodontidae	Plethodon	Plethodon_Glutinosus	Omnivore	V4	1295	35.1534	-83.5804	2014		119.4166667	-9.1	24.1	10.60833333	58.23333333	15862741.92	2.5	78.33333333	Land	https://aquastat.fao.org/climate-information-tool/complete-climate-data?lat=35.1534256&lon=-83.5804404&year=2014&datasource=agera5	Samples from 5 neighboring states	Y				V4	DW	Africa
Walker4	Walker_et_al_2020	https://link.springer.com/article/10.1007/s00248-019-01456-x#article-info	Northern Slimy Salamander	Chordata	Amphibia	Urodela	Plethodontidae	Plethodon	Plethodon_Glutinosus	Omnivore	V4	1295	35.1534	-83.5804	2014		119.4166667	-9.1	24.1	10.60833333	58.23333333	15862741.92	2.5	78.33333333	Land	https://aquastat.fao.org/climate-information-tool/complete-climate-data?lat=35.1534256&lon=-83.5804404&year=2014&datasource=agera5	Samples from 5 neighboring states	Y				V4	DW	Africa
Walker5	Walker_et_al_2020	https://link.springer.com/article/10.1007/s00248-019-01456-x#article-info	Northern Slimy Salamander	Chordata	Amphibia	Urodela	Plethodontidae	Plethodon	Plethodon_Glutinosus	Omnivore	V4	1295	35.1534	-83.5804	2014		119.4166667	-9.1	24.1	10.60833333	58.23333333	15862741.92	2.5	78.33333333	Land	https://aquastat.fao.org/climate-information-tool/complete-climate-data?lat=35.1534256&lon=-83.5804404&year=2014&datasource=agera5	Samples from 5 neighboring states	Y				V4	DW	Africa
muhammad1	Muhammad_et_al_2017	https://www.frontiersin.org/articles/10.3389/fmicb.2017.02291/full#h7	Red Palm Weevil	Arthropoda	Insecta	Coleoptera	Curculionidae	Rhynchophorus	Rhynchophorus_Ferrugineus	Herbivore	V4	10	19.5433	110.7977	2014		134.9166667	14.2	32.1	24.64166667	72.7	16309504.58	3.31	111.75	Land	https://aquastat.fao.org/climate-information-tool/complete-climate-data?lat=19.5432899&lon=110.79774&year=2014&datasource=agera5	Samples from different developmental stages 	Y				V4	EO	Africa
muhammad2	Muhammad_et_al_2017	https://www.frontiersin.org/articles/10.3389/fmicb.2017.02291/full#h7	Red Palm Weevil	Arthropoda	Insecta	Coleoptera	Curculionidae	Rhynchophorus	Rhynchophorus_Ferrugineus	Herbivore	V4	10	19.5433	110.7977	2014		134.9166667	14.2	32.1	24.64166667	72.7	16309504.58	3.31	111.75	Land	https://aquastat.fao.org/climate-information-tool/complete-climate-data?lat=19.5432899&lon=110.79774&year=2014&datasource=agera5	Samples from different developmental stages 	Y				V4	EO	Africa
muhammad3	Muhammad_et_al_2017	https://www.frontiersin.org/articles/10.3389/fmicb.2017.02291/full#h7	Red Palm Weevil	Arthropoda	Insecta	Coleoptera	Curculionidae	Rhynchophorus	Rhynchophorus_Ferrugineus	Herbivore	V4	10	19.5433	110.7977	2014		134.9166667	14.2	32.1	24.64166667	72.7	16309504.58	3.31	111.75	Land	https://aquastat.fao.org/climate-information-tool/complete-climate-data?lat=19.5432899&lon=110.79774&year=2014&datasource=agera5	Samples from different developmental stages 	Y				V4	EO	Africa
muhammad4	Muhammad_et_al_2017	https://www.frontiersin.org/articles/10.3389/fmicb.2017.02291/full#h7	Red Palm Weevil	Arthropoda	Insecta	Coleoptera	Curculionidae	Rhynchophorus	Rhynchophorus_Ferrugineus	Herbivore	V4	10	19.5433	110.7977	2014		134.9166667	14.2	32.1	24.64166667	72.7	16309504.58	3.31	111.75	Land	https://aquastat.fao.org/climate-information-tool/complete-climate-data?lat=19.5432899&lon=110.79774&year=2014&datasource=agera5	Samples from different developmental stages 	Y				V4	EO	Africa
muhammad5	Muhammad_et_al_2017	https://www.frontiersin.org/articles/10.3389/fmicb.2017.02291/full#h7	Red Palm Weevil	Arthropoda	Insecta	Coleoptera	Curculionidae	Rhynchophorus	Rhynchophorus_Ferrugineus	Herbivore	V4	10	19.5433	110.7977	2014		134.9166667	14.2	32.1	24.64166667	72.7	16309504.58	3.31	111.75	Land	https://aquastat.fao.org/climate-information-tool/complete-climate-data?lat=19.5432899&lon=110.79774&year=2014&datasource=agera5	Samples from different developmental stages 	Y				V4	EO	Africa
Barrionuevo1	Barrionueva_et_al_2022	https://www.ncbi.nlm.nih.gov/pmc/articles/PMC9294514/	Greater Wax Moth	Arthropoda	Insecta	Lepidoptera	Pyralidae	Galleria	Galleria_Mellonella	Omnivore	V4	302	-40.7344	-66.6176	2022	N	20.33333333	1.0	30.1	14.30833333	38.10833333	17914382.0	4.39	143.4166667	Land	https://aquastat.fao.org/climate-information-tool/complete-climate-data?lat=-40.7344343&lon=-66.6176455&year=2022&datasource=agera5		Y	Samples bred in captivity	Y		V4	EK	South America
Barrionuevo2	Barrionueva_et_al_2022	https://www.ncbi.nlm.nih.gov/pmc/articles/PMC9294514/	Greater Wax Moth	Arthropoda	Insecta	Lepidoptera	Pyralidae	Galleria	Galleria_Mellonella	Omnivore	V4	302	-40.7344	-66.6176	2022	N	20.33333333	1.0	30.1	14.30833333	38.10833333	17914382.0	4.39	143.4166667	Land	https://aquastat.fao.org/climate-information-tool/complete-climate-data?lat=-40.7344343&lon=-66.6176455&year=2022&datasource=agera5		Y	Samples bred in captivity	Y		V4	EK	South America
Barrionuevo3	Barrionueva_et_al_2022	https://www.ncbi.nlm.nih.gov/pmc/articles/PMC9294514/	Greater Wax Moth	Arthropoda	Insecta	Lepidoptera	Pyralidae	Galleria	Galleria_Mellonella	Omnivore	V4	302	-40.7344	-66.6176	2022	N	20.33333333	1.0	30.1	14.30833333	38.10833333	17914382.0	4.39	143.4166667	Land	https://aquastat.fao.org/climate-information-tool/complete-climate-data?lat=-40.7344343&lon=-66.6176455&year=2022&datasource=agera5		Y	Samples bred in captivity	Y		V4	EK	South America
Barrionuevo4	Barrionueva_et_al_2022	https://www.ncbi.nlm.nih.gov/pmc/articles/PMC9294514/	Greater Wax Moth	Arthropoda	Insecta	Lepidoptera	Pyralidae	Galleria	Galleria_Mellonella	Omnivore	V4	302	-40.7344	-66.6176	2022	N	20.33333333	1.0	30.1	14.30833333	38.10833333	17914382.0	4.39	143.4166667	Land	https://aquastat.fao.org/climate-information-tool/complete-climate-data?lat=-40.7344343&lon=-66.6176455&year=2022&datasource=agera5		Y	Samples bred in captivity	Y		V4	EK	South America
Barrionuevo5	Barrionueva_et_al_2022	https://www.ncbi.nlm.nih.gov/pmc/articles/PMC9294514/	Greater Wax Moth	Arthropoda	Insecta	Lepidoptera	Pyralidae	Galleria	Galleria_Mellonella	Omnivore	V4	302	-40.7344	-66.6176	2022	N	20.33333333	1.0	30.1	14.30833333	38.10833333	17914382.0	4.39	143.4166667	Land	https://aquastat.fao.org/climate-information-tool/complete-climate-data?lat=-40.7344343&lon=-66.6176455&year=2022&datasource=agera5		Y	Samples bred in captivity	Y		V4	EK	South America
pagan-jimenez1	Pagan_Jimenez_et_al_2019	https://www.ncbi.nlm.nih.gov/pmc/articles/PMC6353073/	Sea Cucumber	Echinodermata	Holothuroidea	Holothuriida	Holothuriidae	Holothuria	Holothuria_Glaberrima	Omnivore	V4	4	18.4476	-65.907	2019	N	56.83333333	23.0	30.0	26.625	70.74166667	19746449.17	4.82	139.25	Water	https://aquastat.fao.org/climate-information-tool/complete-climate-data?lat=18.4475762&lon=-65.9069741&year=2019&datasource=agera5		Y				V4	NS	South America
pagan-jimenez2	Pagan_Jimenez_et_al_2019	https://www.ncbi.nlm.nih.gov/pmc/articles/PMC6353073/	Sea Cucumber	Echinodermata	Holothuroidea	Holothuriida	Holothuriidae	Holothuria	Holothuria_Glaberrima	Omnivore	V4	4	18.4476	-65.907	2019	N	56.83333333	23.0	30.0	26.625	70.74166667	19746449.17	4.82	139.25	Water	https://aquastat.fao.org/climate-information-tool/complete-climate-data?lat=18.4475762&lon=-65.9069741&year=2019&datasource=agera5		Y				V4	NS	South America
pagan-jimenez3	Pagan_Jimenez_et_al_2019	https://www.ncbi.nlm.nih.gov/pmc/articles/PMC6353073/	Sea Cucumber	Echinodermata	Holothuroidea	Holothuriida	Holothuriidae	Holothuria	Holothuria_Glaberrima	Omnivore	V4	4	18.4476	-65.907	2019	N	56.83333333	23.0	30.0	26.625	70.74166667	19746449.17	4.82	139.25	Water	https://aquastat.fao.org/climate-information-tool/complete-climate-data?lat=18.4475762&lon=-65.9069741&year=2019&datasource=agera5		Y				V4	NS	South America
pagan-jimenez4	Pagan_Jimenez_et_al_2019	https://www.ncbi.nlm.nih.gov/pmc/articles/PMC6353073/	Sea Cucumber	Echinodermata	Holothuroidea	Holothuriida	Holothuriidae	Holothuria	Holothuria_Glaberrima	Omnivore	V4	4	18.4476	-65.907	2019	N	56.83333333	23.0	30.0	26.625	70.74166667	19746449.17	4.82	139.25	Water	https://aquastat.fao.org/climate-information-tool/complete-climate-data?lat=18.4475762&lon=-65.9069741&year=2019&datasource=agera5		Y				V4	NS	South America
pagan-jimenez5	Pagan_Jimenez_et_al_2019	https://www.ncbi.nlm.nih.gov/pmc/articles/PMC6353073/	Sea Cucumber	Echinodermata	Holothuroidea	Holothuriida	Holothuriidae	Holothuria	Holothuria_Glaberrima	Omnivore	V4	4	18.4476	-65.907	2019	N	56.83333333	23.0	30.0	26.625	70.74166667	19746449.17	4.82	139.25	Water	https://aquastat.fao.org/climate-information-tool/complete-climate-data?lat=18.4475762&lon=-65.9069741&year=2019&datasource=agera5		Y				V4	NS	South America
Klammsteiner1	Klammsteiner_et_al_2020	https://www.frontiersin.org/articles/10.3389/fmicb.2020.00993/full#h7	Black Soldier Fly	Arthropoda	Insecta	Diptera	Stratiomyidae	Hermetia	Hermetia_Illucens	Omnivore	V4	51	52.0825	7.015	2014		75.33333333	1.6	23.7	11.20833333	69.53333333	10208822.25	3.62	58.91666667	Land	https://aquastat.fao.org/climate-information-tool/complete-climate-data?lat=52.0825322&lon=7.015005700000001&year=2014&datasource=agera5		Y	Samples raised in captivity	Y		V4	DW	Asia
Klammsteiner2	Klammsteiner_et_al_2020	https://www.frontiersin.org/articles/10.3389/fmicb.2020.00993/full#h7	Black Soldier Fly	Arthropoda	Insecta	Diptera	Stratiomyidae	Hermetia	Hermetia_Illucens	Omnivore	V4	51	52.0825	7.015	2014		75.33333333	1.6	23.7	11.20833333	69.53333333	10208822.25	3.62	58.91666667	Land	https://aquastat.fao.org/climate-information-tool/complete-climate-data?lat=52.0825322&lon=7.015005700000001&year=2014&datasource=agera5		Y	Samples raised in captivity	Y		V4	DW	Asia
Klammsteiner3	Klammsteiner_et_al_2020	https://www.frontiersin.org/articles/10.3389/fmicb.2020.00993/full#h7	Black Soldier Fly	Arthropoda	Insecta	Diptera	Stratiomyidae	Hermetia	Hermetia_Illucens	Omnivore	V4	51	52.0825	7.015	2014		75.33333333	1.6	23.7	11.20833333	69.53333333	10208822.25	3.62	58.91666667	Land	https://aquastat.fao.org/climate-information-tool/complete-climate-data?lat=52.0825322&lon=7.015005700000001&year=2014&datasource=agera5		Y	Samples raised in captivity	Y		V4	DW	Asia
Klammsteiner4	Klammsteiner_et_al_2020	https://www.frontiersin.org/articles/10.3389/fmicb.2020.00993/full#h7	Black Soldier Fly	Arthropoda	Insecta	Diptera	Stratiomyidae	Hermetia	Hermetia_Illucens	Omnivore	V4	51	52.0825	7.015	2014		75.33333333	1.6	23.7	11.20833333	69.53333333	10208822.25	3.62	58.91666667	Land	https://aquastat.fao.org/climate-information-tool/complete-climate-data?lat=52.0825322&lon=7.015005700000001&year=2014&datasource=agera5		Y	Samples raised in captivity	Y		V4	DW	Asia
Klammsteiner5	Klammsteiner_et_al_2020	https://www.frontiersin.org/articles/10.3389/fmicb.2020.00993/full#h7	Black Soldier Fly	Arthropoda	Insecta	Diptera	Stratiomyidae	Hermetia	Hermetia_Illucens	Omnivore	V4	51	52.0825	7.015	2014		75.33333333	1.6	23.7	11.20833333	69.53333333	10208822.25	3.62	58.91666667	Land	https://aquastat.fao.org/climate-information-tool/complete-climate-data?lat=52.0825322&lon=7.015005700000001&year=2014&datasource=agera5		Y	Samples raised in captivity	Y		V4	DW	Asia
ooi1	Ooi_et_al_2017	https://academic.oup.com/femsec/article/93/12/fix159/4628038	Ornate Spiny Lobster	Arthropoda	Malacostraca	Decapoda	Palinuridae	Panulirus	Panulirus_Ornatus	Omnivores	V4	26	-42.8826	147.3257	2017	N	41.5	1.0	21.6	11.58333333	55.975	14436101.67	2.62	77.0	Water	https://aquastat.fao.org/climate-information-tool/complete-climate-data?lat=-42.8826055&lon=147.3257196&year=2017&datasource=agera5		Y	Samples bred in captivity	Y		V4	KS	Asia
ooi2	Ooi_et_al_2017	https://academic.oup.com/femsec/article/93/12/fix159/4628038	Ornate Spiny Lobster	Arthropoda	Malacostraca	Decapoda	Palinuridae	Panulirus	Panulirus_Ornatus	Omnivores	V4	26	-42.8826	147.3257	2017	N	41.5	1.0	21.6	11.58333333	55.975	14436101.67	2.62	77.0	Water	https://aquastat.fao.org/climate-information-tool/complete-climate-data?lat=-42.8826055&lon=147.3257196&year=2017&datasource=agera5		Y	Samples bred in captivity	Y		V4	KS	Asia
ooi3	Ooi_et_al_2017	https://academic.oup.com/femsec/article/93/12/fix159/4628038	Ornate Spiny Lobster	Arthropoda	Malacostraca	Decapoda	Palinuridae	Panulirus	Panulirus_Ornatus	Omnivores	V4	26	-42.8826	147.3257	2017	N	41.5	1.0	21.6	11.58333333	55.975	14436101.67	2.62	77.0	Water	https://aquastat.fao.org/climate-information-tool/complete-climate-data?lat=-42.8826055&lon=147.3257196&year=2017&datasource=agera5		Y	Samples bred in captivity	Y		V4	KS	Asia
ooi4	Ooi_et_al_2017	https://academic.oup.com/femsec/article/93/12/fix159/4628038	Ornate Spiny Lobster	Arthropoda	Malacostraca	Decapoda	Palinuridae	Panulirus	Panulirus_Ornatus	Omnivores	V4	26	-42.8826	147.3257	2017	N	41.5	1.0	21.6	11.58333333	55.975	14436101.67	2.62	77.0	Water	https://aquastat.fao.org/climate-information-tool/complete-climate-data?lat=-42.8826055&lon=147.3257196&year=2017&datasource=agera5		Y	Samples bred in captivity	Y		V4	KS	Asia
ooi5	Ooi_et_al_2017	https://academic.oup.com/femsec/article/93/12/fix159/4628038	Ornate Spiny Lobster	Arthropoda	Malacostraca	Decapoda	Palinuridae	Panulirus	Panulirus_Ornatus	Omnivores	V4	26	-42.8826	147.3257	2017	N	41.5	1.0	21.6	11.58333333	55.975	14436101.67	2.62	77.0	Water	https://aquastat.fao.org/climate-information-tool/complete-climate-data?lat=-42.8826055&lon=147.3257196&year=2017&datasource=agera5		Y	Samples bred in captivity	Y		V4	KS	Asia
bornbusch1	Bornbusch_et_al_	https://www.nature.com/articles/s41598-022-26861-0#data-availability	Ring-Tailed Lemurs	Chordata	Mammilia	Primates	Strepsirrhini	Lemur	Lemur_Catta	Omnivore	V4	6	-23.125	43.6089	2022	N	39.75	18.8	30.6	25.30833333	62.275	21626204.75	3.91	150.1666667	Land	https://aquastat.fao.org/climate-information-tool/complete-climate-data?lat=-23.1250397&lon=43.60889419999999&year=2022&datasource=agera5	Some samples were pets, large majority were wild	Y				V4	ES	North America
bornbusch2	Bornbusch_et_al_	https://www.nature.com/articles/s41598-022-26861-0#data-availability	Ring-Tailed Lemurs	Chordata	Mammilia	Primates	Strepsirrhini	Lemur	Lemur_Catta	Omnivore	V4	6	-23.125	43.6089	2022	N	39.75	18.8	30.6	25.30833333	62.275	21626204.75	3.91	150.1666667	Land	https://aquastat.fao.org/climate-information-tool/complete-climate-data?lat=-23.1250397&lon=43.60889419999999&year=2022&datasource=agera5	Some samples were pets, large majority were wild	Y				V4	ES	North America
bornbusch3	Bornbusch_et_al_	https://www.nature.com/articles/s41598-022-26861-0#data-availability	Ring-Tailed Lemurs	Chordata	Mammilia	Primates	Strepsirrhini	Lemur	Lemur_Catta	Omnivore	V4	6	-23.125	43.6089	2022	N	39.75	18.8	30.6	25.30833333	62.275	21626204.75	3.91	150.1666667	Land	https://aquastat.fao.org/climate-information-tool/complete-climate-data?lat=-23.1250397&lon=43.60889419999999&year=2022&datasource=agera5	Some samples were pets, large majority were wild	Y				V4	ES	North America
bornbusch4	Bornbusch_et_al_	https://www.nature.com/articles/s41598-022-26861-0#data-availability	Ring-Tailed Lemurs	Chordata	Mammilia	Primates	Strepsirrhini	Lemur	Lemur_Catta	Omnivore	V4	6	-23.125	43.6089	2022	N	39.75	18.8	30.6	25.30833333	62.275	21626204.75	3.91	150.1666667	Land	https://aquastat.fao.org/climate-information-tool/complete-climate-data?lat=-23.1250397&lon=43.60889419999999&year=2022&datasource=agera5	Some samples were pets, large majority were wild	Y				V4	ES	North America
bornbusch5	Bornbusch_et_al_	https://www.nature.com/articles/s41598-022-26861-0#data-availability	Ring-Tailed Lemurs	Chordata	Mammilia	Primates	Strepsirrhini	Lemur	Lemur_Catta	Omnivore	V4	6	-23.125	43.6089	2022	N	39.75	18.8	30.6	25.30833333	62.275	21626204.75	3.91	150.1666667	Land	https://aquastat.fao.org/climate-information-tool/complete-climate-data?lat=-23.1250397&lon=43.60889419999999&year=2022&datasource=agera5	Some samples were pets, large majority were wild	Y				V4	ES	North America
jones1	Jones_et_al_2018	https://www.frontiersin.org/articles/10.3389/fmicb.2018.02000/full	Black Rabbitfish	Chordata	Actinopterygii	Perciformes	Siganidae	Siganus	Siganus_Fuscescens	Herbivore	V4	15	-31.8502	115.7514	2016		58.5	10.7	27.3	18.03333333	60.675	19265052.92	5.8	127.6666667	Water	https://aquastat.fao.org/climate-information-tool/complete-climate-data?lat=-31.850226&lon=115.751406&year=2016&datasource=agera5	Samples collected across west coast of Australia	Y				V4	NS	Asia
jones2	Jones_et_al_2018	https://www.frontiersin.org/articles/10.3389/fmicb.2018.02000/full	Black Rabbitfish	Chordata	Actinopterygii	Perciformes	Siganidae	Siganus	Siganus_Fuscescens	Herbivore	V4	15	-31.8502	115.7514	2016		58.5	10.7	27.3	18.03333333	60.675	19265052.92	5.8	127.6666667	Water	https://aquastat.fao.org/climate-information-tool/complete-climate-data?lat=-31.850226&lon=115.751406&year=2016&datasource=agera5	Samples collected across west coast of Australia	Y				V4	NS	Asia
jones3	Jones_et_al_2018	https://www.frontiersin.org/articles/10.3389/fmicb.2018.02000/full	Black Rabbitfish	Chordata	Actinopterygii	Perciformes	Siganidae	Siganus	Siganus_Fuscescens	Herbivore	V4	15	-31.8502	115.7514	2016		58.5	10.7	27.3	18.03333333	60.675	19265052.92	5.8	127.6666667	Water	https://aquastat.fao.org/climate-information-tool/complete-climate-data?lat=-31.850226&lon=115.751406&year=2016&datasource=agera5	Samples collected across west coast of Australia	Y				V4	NS	Asia
jones4	Jones_et_al_2018	https://www.frontiersin.org/articles/10.3389/fmicb.2018.02000/full	Black Rabbitfish	Chordata	Actinopterygii	Perciformes	Siganidae	Siganus	Siganus_Fuscescens	Herbivore	V4	15	-31.8502	115.7514	2016		58.5	10.7	27.3	18.03333333	60.675	19265052.92	5.8	127.6666667	Water	https://aquastat.fao.org/climate-information-tool/complete-climate-data?lat=-31.850226&lon=115.751406&year=2016&datasource=agera5	Samples collected across west coast of Australia	Y				V4	NS	Asia
jones5	Jones_et_al_2018	https://www.frontiersin.org/articles/10.3389/fmicb.2018.02000/full	Black Rabbitfish	Chordata	Actinopterygii	Perciformes	Siganidae	Siganus	Siganus_Fuscescens	Herbivore	V4	15	-31.8502	115.7514	2016		58.5	10.7	27.3	18.03333333	60.675	19265052.92	5.8	127.6666667	Water	https://aquastat.fao.org/climate-information-tool/complete-climate-data?lat=-31.850226&lon=115.751406&year=2016&datasource=agera5	Samples collected across west coast of Australia	Y				V4	NS	Asia
McClure1	McClure_et_al_2021	https://journals.asm.org/doi/full/10.1128/AEM.02082-20	North American Medicinal Leech	Annelida	Clitellata	Arhynchobdellida	Macrobdellidae	Macrobdella	Macrobdella_decora	carnivores	V4	191	41.8084	-72.2495	2021	N	101.75	-8.3	26.9	10.225	55.78333333	13890137.83	3.32	76.16666667	Land	https://aquastat.fao.org/climate-information-tool/complete-climate-data?lat=41.8084314&lon=-72.24952309999999&year=2021&datasource=agera5		Y	Samples maintained in captivity for duration of experiment	Y		V4	SB	Asia
2023couch1	Couch_et_al_2023	https://www.nature.com/articles/s41598-023-29663-0	Chinook Salmon	Chordata	Actinopterygii	Salmoniformes	Salmonidae	Oncorhynchus	Oncorhynchus_tshawytscha	omnivore	V4 	166	44.3976	-122.7362	2020		117.0	0.0	27.7	11.28333333	60.99166667	14257653.58	1.89	71.41666667	Water	https://aquastat.fao.org/climate-information-tool/complete-climate-data?lat=44.3976247&lon=-122.7361959&year=2020&datasource=agera5		Y	Samples raised in captivity	Y		V4	AS	Asia
2023couch2	Couch_et_al_2023	https://www.nature.com/articles/s41598-023-29663-0	Chinook Salmon	Chordata	Actinopterygii	Salmoniformes	Salmonidae	Oncorhynchus	Oncorhynchus_tshawytscha	omnivore	V4 	166	44.3976	-122.7362	2020		117.0	0.0	27.7	11.28333333	60.99166667	14257653.58	1.89	71.41666667	Water	https://aquastat.fao.org/climate-information-tool/complete-climate-data?lat=44.3976247&lon=-122.7361959&year=2020&datasource=agera5		Y	Samples raised in captivity	Y		V4	AS	Asia
2023couch3	Couch_et_al_2023	https://www.nature.com/articles/s41598-023-29663-0	Chinook Salmon	Chordata	Actinopterygii	Salmoniformes	Salmonidae	Oncorhynchus	Oncorhynchus_tshawytscha	omnivore	V4 	166	44.3976	-122.7362	2020		117.0	0.0	27.7	11.28333333	60.99166667	14257653.58	1.89	71.41666667	Water	https://aquastat.fao.org/climate-information-tool/complete-climate-data?lat=44.3976247&lon=-122.7361959&year=2020&datasource=agera5		Y	Samples raised in captivity	Y		V4	AS	Asia
2023couch4	Couch_et_al_2023	https://www.nature.com/articles/s41598-023-29663-0	Chinook Salmon	Chordata	Actinopterygii	Salmoniformes	Salmonidae	Oncorhynchus	Oncorhynchus_tshawytscha	omnivore	V4 	166	44.3976	-122.7362	2020		117.0	0.0	27.7	11.28333333	60.99166667	14257653.58	1.89	71.41666667	Water	https://aquastat.fao.org/climate-information-tool/complete-climate-data?lat=44.3976247&lon=-122.7361959&year=2020&datasource=agera5		Y	Samples raised in captivity	Y		V4	AS	Asia
2023couch5	Couch_et_al_2023	https://www.nature.com/articles/s41598-023-29663-0	Chinook Salmon	Chordata	Actinopterygii	Salmoniformes	Salmonidae	Oncorhynchus	Oncorhynchus_tshawytscha	omnivore	V4 	166	44.3976	-122.7362	2020		117.0	0.0	27.7	11.28333333	60.99166667	14257653.58	1.89	71.41666667	Water	https://aquastat.fao.org/climate-information-tool/complete-climate-data?lat=44.3976247&lon=-122.7361959&year=2020&datasource=agera5		Y	Samples raised in captivity	Y		V4	AS	Asia
khanal1	Khanal_et_al_2023	https://www.sciencedirect.com/science/article/pii/S0959652623002627	Yellow Mealworm	Arthropoda	Insecta	Coleoptera	Tenebrionidae	Tenebrio	Tenebrio_molitor	omnivore	V4 	45	63.919	11.4329	2022		120.0833333	-5.5	17.4	5.716666667	70.025	8003408.583	2.68	40.41666667	Land	https://aquastat.fao.org/climate-information-tool/complete-climate-data?lat=63.91904809999999&lon=11.4329171&year=2022&datasource=agera5		Y	Samples bred in captivity	Y		V4	AS	Asia
khanal2	Khanal_et_al_2023	https://www.sciencedirect.com/science/article/pii/S0959652623002627	Yellow Mealworm	Arthropoda	Insecta	Coleoptera	Tenebrionidae	Tenebrio	Tenebrio_molitor	omnivore	V4 	45	63.919	11.4329	2022		120.0833333	-5.5	17.4	5.716666667	70.025	8003408.583	2.68	40.41666667	Land	https://aquastat.fao.org/climate-information-tool/complete-climate-data?lat=63.91904809999999&lon=11.4329171&year=2022&datasource=agera5		Y	Samples bred in captivity	Y		V4	AS	Asia
khanal3	Khanal_et_al_2023	https://www.sciencedirect.com/science/article/pii/S0959652623002627	Yellow Mealworm	Arthropoda	Insecta	Coleoptera	Tenebrionidae	Tenebrio	Tenebrio_molitor	omnivore	V4 	45	63.919	11.4329	2022		120.0833333	-5.5	17.4	5.716666667	70.025	8003408.583	2.68	40.41666667	Land	https://aquastat.fao.org/climate-information-tool/complete-climate-data?lat=63.91904809999999&lon=11.4329171&year=2022&datasource=agera5		Y	Samples bred in captivity	Y		V4	AS	Asia
khanal4	Khanal_et_al_2023	https://www.sciencedirect.com/science/article/pii/S0959652623002627	Yellow Mealworm	Arthropoda	Insecta	Coleoptera	Tenebrionidae	Tenebrio	Tenebrio_molitor	omnivore	V4 	45	63.919	11.4329	2022		120.0833333	-5.5	17.4	5.716666667	70.025	8003408.583	2.68	40.41666667	Land	https://aquastat.fao.org/climate-information-tool/complete-climate-data?lat=63.91904809999999&lon=11.4329171&year=2022&datasource=agera5		Y	Samples bred in captivity	Y		V4	AS	Asia
khanal5	Khanal_et_al_2023	https://www.sciencedirect.com/science/article/pii/S0959652623002627	Yellow Mealworm	Arthropoda	Insecta	Coleoptera	Tenebrionidae	Tenebrio	Tenebrio_molitor	omnivore	V4 	45	63.919	11.4329	2022		120.0833333	-5.5	17.4	5.716666667	70.025	8003408.583	2.68	40.41666667	Land	https://aquastat.fao.org/climate-information-tool/complete-climate-data?lat=63.91904809999999&lon=11.4329171&year=2022&datasource=agera5		Y	Samples bred in captivity	Y		V4	AS	Asia
